Id,Y
2854,0.857951788932455
2855,0.8244473110320314
2856,0.00625751390234941
2857,0.7726666682938246
2858,0.24213822003316432
2859,0.21967632468457107
2860,0.371781126694245
2861,-0.043074345877965714
2862,0.8919933740496112
2863,0.22213976895918397
2864,0.06820089192807827
2865,0.9147401796147006
2866,0.9407431888971263
2867,0.15553405424891503
2868,0.16860805965210313
2869,0.8993664223191158
2870,0.21070164433732622
2871,0.6190519146269327
2872,0.008714861444300503
2873,0.3707602075749078
2874,0.21419826189199154
2875,0.7329849213513662
2876,0.12128589614568996
2877,0.15368368037959118
2878,0.9843941972815644
2879,0.31727110238282247
2880,0.15818107325111141
2881,0.43702242766240373
2882,0.5316334591939214
2883,0.49307794553965384
2884,0.07714053998170245
2885,0.15735070710952487
2886,0.23722341985212822
2887,0.3251975367059561
2888,1.049692807398908
2889,0.45112034331795664
2890,0.8798007828723418
2891,0.9226741487391844
2892,0.1748315829051712
2893,0.8867751726282873
2894,0.2674059883235036
2895,0.6143141757383395
2896,0.8767649902047636
2897,0.09006805868524265
2898,0.7681111047452165
2899,0.7944747815221664
2900,0.32024027810951394
2901,0.6077123443891541
2902,0.8975925888629519
2903,0.12270991775984169
2904,0.6829603950999075
2905,0.5778302770620379
2906,0.00629337915250755
2907,0.8524521538514716
2908,0.6896425321836528
2909,0.4890810836050283
2910,0.7943189636601664
2911,0.44161506505049064
2912,-0.06274744147076156
2913,0.9068745167581944
2914,0.8677443650602097
2915,-0.13191202866913415
2916,0.8008331675041955
2917,0.01640365302997865
2918,0.4830721622496989
2919,0.8621056507633622
2920,0.6260804404443405
2921,0.34480081645813754
2922,0.614845305675769
2923,0.931847702000286
2924,0.9816193869812224
2925,0.20582456206090222
2926,0.1977409357983228
2927,0.8798995548789994
2928,0.8152072269692936
2929,0.8979603014236588
2930,0.20844939591544867
2931,0.7210641804064186
2932,-0.07472040257762208
2933,-0.03108611812857648
2934,0.3238740796805986
2935,0.6992921374275358
2936,0.8510846247327306
2937,1.0358686490343423
2938,0.2467765699348769
2939,0.18577108612861054
2940,0.7653101628003325
2941,0.546146064415161
2942,0.33720998591383955
2943,0.0740042504381101
2944,0.9967257407981731
2945,0.01574510824401887
2946,0.3168287855669729
2947,0.1532139237229006
2948,0.3128631514504683
2949,0.07973176608669397
2950,0.3189564202193843
2951,0.1695097871595747
2952,0.13783505337863278
2953,-0.1732466419835998
2954,0.5027068642539473
2955,0.8604587369163439
2956,0.3220127831769631
2957,0.8331828348766972
2958,0.6457635110577477
2959,0.23616435903989538
2960,0.09651273568604912
2961,0.8804879029640917
2962,0.629225625519095
2963,0.8405268152204952
2964,0.6632635802292928
2965,0.3032795579242029
2966,0.410293693061364
2967,0.35104498993339933
2968,0.2242269757973887
2969,0.9867710054762924
2970,0.2615693706461232
2971,0.9317821587218613
2972,0.9130057524864735
2973,0.94996930548896
2974,-0.029671323970475116
2975,0.05438189908253216
2976,0.5905297193548327
2977,0.9713179773813756
2978,0.23355209289307202
2979,0.7663692989603815
2980,0.8242021741948345
2981,-0.06499713465523443
2982,0.3038859859439887
2983,0.8903935380148579
2984,0.24840974415087172
2985,0.18706673015874337
2986,1.0018149599942061
2987,0.4778261021075879
2988,1.0179991683294114
2989,0.6406581413042592
2990,0.8872442306933708
2991,0.8982545267666577
2992,-0.022168612809867094
2993,0.11605355554863694
2994,0.28094819863737175
2995,0.21606455539823835
2996,0.10162476257260977
2997,0.1998970572789575
2998,0.4286859039260571
2999,0.3610272859564556
3000,0.06710444304359664
3001,-0.06551368990105172
3002,0.3343226526937409
3003,0.5625071486274626
3004,0.49065703594124777
3005,0.8007069964620809
3006,0.2382794146766579
3007,0.09079427422488234
3008,0.09757111942182273
3009,0.03491421809923101
3010,0.32298580963910767
3011,0.8033333233083153
3012,0.23431002065875095
3013,0.3813167435457345
3014,0.8837951331386515
3015,0.2722184664966327
3016,0.0951572491421217
3017,0.8854633496961639
3018,0.33266013405474126
3019,0.01373635018960978
3020,0.5024115269960657
3021,1.0387706943594686
3022,0.9041837699464899
3023,0.5036097192833042
3024,0.3800429490785703
3025,0.9296412928870521
3026,0.8870850557868862
3027,0.0010204951581926358
3028,0.01767182945206186
3029,0.18585275675534618
3030,0.8705048231264667
3031,0.4229996457474603
3032,0.7792074748544275
3033,0.06755073285914526
3034,0.28856804575111367
3035,0.18369232920509276
3036,-0.028773344433805248
3037,0.626829838233792
3038,0.8751768483624511
3039,0.3465651520422357
3040,0.8513706479065083
3041,0.072291395899375
3042,0.11593757531461008
3043,0.2097286327401242
3044,0.11051819639811222
3045,0.8123443904909735
3046,0.26405053466342243
3047,0.8806815055189577
3048,0.8701268326039955
3049,0.264391115703528
3050,0.32220348983283087
3051,0.009817581654810614
3052,-0.07469543750730584
3053,0.6257543156646096
3054,0.18014814143629748
3055,0.4114370363480012
3056,0.33101636181834493
3057,0.5106797018452673
3058,0.42410025505183274
3059,0.7716254572140269
3060,0.5922606197202727
3061,0.9138469510498117
3062,0.5737004353236531
3063,0.372503682202682
3064,0.38832407426814847
3065,0.8523897786065698
3066,0.375657226751855
3067,0.5356722328418426
3068,0.5731440534277598
3069,0.26071748955103835
3070,0.6117417848104523
3071,0.8875539487546356
3072,0.2539755733428158
3073,0.3436534100320293
3074,0.5996568721587276
3075,0.23883999001977843
3076,0.31214531144819707
3077,0.4180417054524232
3078,0.25509498024410804
3079,0.13653353579577243
3080,0.6664971990875219
3081,0.8872590588527307
3082,0.18379072179675726
3083,0.1720188601110565
3084,0.6364941772718373
3085,0.11968801159711245
3086,0.09870200461633366
3087,0.22971194808669404
3088,0.8906386948276861
3089,0.902215489058098
3090,0.3402282443778163
3091,0.18109082861918174
3092,0.7950340380841601
3093,0.4967700774242607
3094,0.8125443672334373
3095,0.8579503864124047
3096,0.07975464844335173
3097,0.07611429100274364
3098,-0.04554388457768699
3099,0.3450529148886616
3100,0.24797487144925842
3101,0.5453565973409606
3102,0.8289845930966896
3103,-0.0033268351579462396
3104,0.8921385386651353
3105,0.483865578716191
3106,1.0740062063311528
3107,0.8340419471392413
3108,0.8539270831825037
3109,0.2924310864972457
3110,-0.028726822497277482
3111,0.14091695381977898
3112,0.553852843938456
3113,0.9151441579033466
3114,0.9434816668273815
3115,0.4002535223629504
3116,0.3478422607714155
3117,0.942444858305252
3118,0.772105246604068
3119,0.34451485119865277
3120,0.46935934306788263
3121,0.6084036638732125
3122,0.9691739987853429
3123,0.3921373430071274
3124,0.8982779634332343
3125,0.17547422403215562
3126,0.34389594061050494
3127,0.1391048514005634
3128,0.2135488004476451
3129,0.1938813533149107
3130,0.14128454631295406
3131,0.7539734196771439
3132,0.4100617915460475
3133,0.2475595610540381
3134,0.9431266280624175
3135,0.3132447565243114
3136,0.6531382255015274
3137,0.588261510874708
3138,0.38013845082749353
3139,0.25525566533704835
3140,0.5621693804953654
3141,0.5778219371217888
3142,0.18984614581989115
3143,-0.06292203774994448
3144,-0.10389809733844141
3145,0.481533143201412
3146,0.21132459771322573
3147,0.29065792220838227
3148,0.9096833032191647
3149,0.14625443154779338
3150,0.8971816546933928
3151,0.5052390459204422
3152,-0.13101937245345102
3153,0.09957915257630023
3154,0.2022998496992013
3155,0.08521364888226801
3156,0.5623781200316164
3157,1.0222681179771407
3158,0.9229294479833111
3159,0.08098422855456999
3160,0.9108516254129084
3161,0.4956027371947331
3162,0.9481877385267057
3163,0.12530647727725758
3164,0.3796010730501346
3165,0.8802388109307855
3166,0.23614953239630254
3167,0.14574486560991168
3168,0.8941593042106577
3169,0.9938382831427235
3170,0.05323521843477125
3171,0.4168170943293173
3172,0.313173667405385
3173,1.0840287346877333
3174,0.3558724843240454
3175,0.6196315828306996
3176,0.9101980290423792
3177,0.08218360211131304
3178,0.8626136105652176
3179,0.8943002365543908
3180,0.8884621873957477
3181,0.09874725025982156
3182,0.9974493168158429
3183,0.9113206907979442
3184,0.873121382514898
3185,0.06039236217955035
3186,1.0051014478940112
3187,0.5649107328541698
3188,0.781288024620319
3189,0.2626445341510847
3190,0.08185078021133169
3191,0.17546819059185548
3192,-0.07158716379574287
3193,0.2793128764869045
3194,0.09332819837012024
3195,0.8049649397665575
3196,0.23451406241211473
3197,0.9262080702083871
3198,0.326801934244911
3199,0.8281665914528173
3200,0.8282172871332962
3201,-0.002644517309423111
3202,0.7590896153689759
3203,0.043399911522101264
3204,0.6086669695124556
3205,0.16402254121587112
3206,0.28432161193115957
3207,0.34409046295365525
3208,0.8311177911275873
3209,0.8214110819031244
3210,1.0040590962655567
3211,0.8177901922560653
3212,1.2713892406246152
3213,0.5534103974060152
3214,0.8644249393152692
3215,0.27194227611022925
3216,0.03893296146557529
3217,0.238337435676813
3218,0.8255068874074011
3219,0.1752801738129921
3220,0.8684152320912286
3221,0.17852643264675222
3222,0.3822575195528465
3223,0.6938326848355233
3224,0.4421110850610523
3225,0.061013512890320976
3226,0.08909529613802136
3227,0.2382437981170618
3228,0.7440518467039718
3229,0.9158765811844745
3230,0.09725839650614138
3231,0.3040443932972656
3232,0.9084749507974312
3233,0.5548459815209825
3234,0.8880685737077307
3235,0.1435302185154544
3236,0.28309689469172705
3237,0.34667030186823056
3238,0.11424579395915907
3239,0.24741704592350847
3240,1.1898533715212114
3241,0.827443610551922
3242,0.2973494691723503
3243,0.6707354489053472
3244,0.9002839862506609
3245,0.07669701213668889
3246,0.32583130163871415
3247,0.20624368309849012
3248,0.6144291077664229
3249,0.7643755019952134
3250,0.17357688706398133
3251,-0.04991080494229844
3252,0.1766303538359631
3253,0.2705178427955305
3254,0.09801825730750985
3255,0.9934847135950315
3256,0.1267412320578366
3257,0.25391508068580976
3258,0.32959129338878684
3259,0.33650765884223244
3260,1.0323106931059318
3261,0.43114378007320314
3262,0.4906334976704232
3263,0.8458702295789102
3264,0.06924476601168422
3265,0.06840471218114058
3266,0.05076392686847109
3267,0.15654135237893008
3268,1.0132321805925386
3269,0.45928175622382555
3270,0.2640419304967694
3271,0.8626828872927981
3272,0.5839193389025186
3273,0.5687699815557344
3274,-0.05791027583846814
3275,0.8155250909135903
3276,0.17068521396889985
3277,0.23411327594157438
3278,0.5613131730264153
3279,0.16956152016914416
3280,0.14782003393827886
3281,0.15542973543996041
3282,0.4615431902002879
3283,-0.10500058527459794
3284,0.8775711186279176
3285,0.24663347188763093
3286,0.464530750227789
3287,0.14485485553930083
3288,0.1702933293317122
3289,0.2355637602638452
3290,0.2924235530566145
3291,0.8831063981871479
3292,1.0335518738124405
3293,0.5973382421276378
3294,0.8306302229059983
3295,0.6129849948321255
3296,0.09757200252376025
3297,0.8314494179504155
3298,-0.059660296366121635
3299,0.9014456833100852
3300,0.43885919240512217
3301,-0.08284413367607674
3302,0.4572617332601795
3303,0.9187049758018551
3304,0.7047011232949599
3305,0.9364031527637837
3306,0.018680169947887015
3307,0.24821007642439444
3308,0.5097937845632486
3309,0.8581907205924383
3310,0.8890539187008598
3311,0.8175497913064751
3312,1.0420281951047723
3313,0.2593492621227305
3314,0.42744029713310877
3315,0.2878206859551654
3316,0.26376150691018135
3317,0.07385615303735377
3318,0.5554838853963613
3319,0.20751621456958122
3320,1.1763172050942445
3321,0.9016303662524037
3322,0.6093260336790064
3323,0.888508667748328
3324,0.8265268772002692
3325,1.005290375643113
3326,0.8597560195275338
3327,0.8662112279114312
3328,1.000162331063178
3329,0.175853652015535
3330,0.06159879383447209
3331,0.302938881400044
3332,0.11906777665441792
3333,0.8775244079103003
3334,0.10565209484094551
3335,0.8315900696176448
3336,0.5724205528432365
3337,0.5609435756994958
3338,0.7787234707929318
3339,0.5913072323371926
3340,0.7268473335322958
3341,0.15922456430373638
3342,0.19596430791415512
3343,0.05194606317695277
3344,0.8543757190776634
3345,0.8781211058078959
3346,0.2840137971276393
3347,0.7371549068138423
3348,0.13693085705723412
3349,0.5970889378224592
3350,0.1495784311341466
3351,0.3560988553351634
3352,0.4660993770489665
3353,0.133959900335809
3354,0.6424185305357268
3355,0.37082019579153386
3356,0.6046860420945003
3357,0.5972176053007162
3358,0.19160591456264298
3359,0.8143861868847719
3360,0.09579119815738801
3361,0.1202484793818519
3362,0.7658588459570099
3363,0.1317622274689607
3364,0.7977192290682427
3365,0.34535945060271145
3366,-0.025285087545229235
3367,0.853681230119506
3368,0.616141674537606
3369,0.30295908126535076
3370,0.5851115535596342
3371,0.17964867946567026
3372,0.10672252512104152
3373,0.09229649509279164
3374,0.11232073812454763
3375,0.8216924929891681
3376,0.9063583372045333
3377,0.2622195909372968
3378,0.3266084579562504
3379,6.481570964506078e-05
3380,0.19170016360472772
3381,0.3124309483290559
3382,0.8700388218856772
3383,-0.03320535451641854
3384,0.40415043145085233
3385,0.4049356337313704
3386,0.40873570837061085
3387,0.15724252786751652
3388,0.43290934698966727
3389,0.16446280514085643
3390,-0.024145066386164815
3391,0.42429976986619816
3392,0.8870881551132839
3393,0.8939992628031035
3394,0.14024679079434565
3395,0.1884913577402582
3396,0.8071413029680652
3397,0.878452851644501
3398,0.4109432093878491
3399,0.3253481725223422
3400,0.24390998647020395
3401,0.8705842271070964
3402,-0.010003602750013163
3403,0.07882863832261428
3404,0.3476093729577994
3405,0.5345693516308921
3406,0.19765240831948583
3407,0.7804057529876616
3408,0.14589402808715218
3409,0.16465836467271416
3410,0.5637324720094836
3411,0.14275047718512324
3412,0.6021649354358771
3413,0.016643795844566878
3414,1.0759314276062324
3415,0.6611278477326595
3416,0.0005750362354913774
3417,0.9176876452101839
3418,0.8600494520503466
3419,0.8337691199836246
3420,0.532321853441818
3421,-0.033891085536361165
3422,0.5910319268831999
3423,0.22756290676429128
3424,0.43631703110959685
3425,-0.030885183942887084
3426,0.1532039365684872
3427,0.0970319567410875
3428,0.0994920044933374
3429,0.9000969933201923
3430,0.05312528894820395
3431,-0.09801267883458425
3432,0.3336346677703861
3433,0.8176367251880614
3434,0.5638360322624997
3435,0.9094472088314642
3436,0.9966018017131322
3437,0.23370806302003364
3438,0.025628720208752898
3439,0.3564377496701137
3440,0.2526621969173973
3441,0.4413730937868527
3442,0.33285318535982056
3443,0.3485305096187605
3444,0.019298279146696407
3445,0.5504541982080166
3446,0.5092875778836747
3447,0.6508245386322277
3448,0.07637076570213719
3449,0.6901943994543718
3450,0.8901901209670089
3451,0.573705095939643
3452,0.8590766682462521
3453,0.5188360604113459
3454,0.07800143774648544
3455,0.35162943030330496
3456,0.3762645972333416
3457,0.24753854186676114
3458,-0.030964737155282696
3459,0.6348012993250687
3460,0.5381306518531582
3461,-0.0977928380148883
3462,0.32411288181803777
3463,0.5364261443931411
3464,0.9818180277520632
3465,0.05112888540183824
3466,0.2525799749196318
3467,0.34262796368187787
3468,-0.06583348525890859
3469,0.17279383340223964
3470,-0.050119951439174915
3471,-0.1383810703450264
3472,0.8013930072397132
3473,0.1661254667049799
3474,0.322559580313253
3475,0.37608384239912623
3476,0.8926966014537303
3477,0.7788511616534466
3478,0.050888790554840635
3479,0.5292298136126075
3480,0.20604334281839085
3481,0.9611254200549382
3482,0.7067356610729025
3483,0.8676835504038696
3484,0.11502643802835455
3485,0.5918835603444547
3486,0.302273023061442
3487,0.9738185638660408
3488,0.19362523906346374
3489,0.6121041768741848
3490,0.6692492333809257
3491,0.19924022470791425
3492,0.49244308883249505
3493,0.37189654167443637
3494,0.05978410076392149
3495,0.5195583725441939
3496,0.5051849550395164
3497,0.6083754043369564
3498,0.3057718721523309
3499,0.4420499057614369
3500,0.16585564679076115
3501,0.1740728501778006
3502,0.38412314902714506
3503,0.1593421069154919
3504,0.7891110645164805
3505,0.9255857717845961
3506,0.12519805791332267
3507,0.18759789563875412
3508,0.04352589356607445
3509,0.2722851929926742
3510,-0.09658862793692008
3511,0.2873022168932281
3512,0.8112528712476854
3513,0.5227799509321938
3514,0.8094309796343249
3515,0.16559019473398107
3516,0.8112392325582104
3517,0.21764033368674884
3518,0.026811243956780473
3519,0.5853972468795658
3520,0.8138767251508184
3521,-0.007129076497385034
3522,0.21223661707105634
3523,0.8034540945473838
3524,0.3032500023789343
3525,0.42998490018463287
3526,0.8705767481060319
3527,0.2432768485905675
3528,0.6293383332161915
3529,0.8374584701554324
3530,0.16399719603228546
3531,0.868429311111717
3532,0.45214838908103533
3533,0.3107944425020555
3534,0.8639759728737053
3535,-0.03941500062052761
3536,0.9022284139038466
3537,0.103169538833838
3538,0.24905710669759
3539,0.12399996924416018
3540,0.6884071762786209
3541,0.3668665959328511
3542,0.05749280397287759
3543,0.7898321238585009
3544,0.1308091988464472
3545,0.3069910885409876
3546,0.8021976410754941
3547,0.5535895628175385
3548,0.4511197407502709
3549,-0.06153295443672674
3550,0.55606720812305
3551,0.8712301304484971
3552,0.3482871529310955
3553,0.1374264751824124
3554,0.911661418296156
3555,0.7782302976478966
3556,-0.060786715445264816
3557,0.9057370866350087
3558,0.39178127689402825
3559,0.9073746609808588
3560,0.1458635809282226
3561,0.0552671237526704
3562,0.919047516781774
3563,0.8118866362744482
3564,0.18066490761443393
3565,0.6682966704169591
3566,0.3023108537901383
3567,0.9870702289242761
3568,0.320049042327923
3569,0.8745525882673284
3570,0.8830940074100715
3571,0.8444742863680985
3572,0.33388541272838523
3573,0.1990629499936269
3574,0.14782580298886477
3575,0.25937171454244745
3576,0.2472124555381667
3577,0.08550723855051195
3578,0.689236273441225
3579,0.0036412606533922087
3580,0.1517897539760561
3581,0.7975437315345096
3582,-0.0004288546230629686
3583,0.2572268568136611
3584,0.6878959731394699
3585,0.49565109076420716
3586,0.15962817521017597
3587,0.2718314958829027
3588,-0.1445763734264684
3589,0.8869775660621426
3590,0.6088515492582566
3591,0.2936213259376901
3592,0.4998972204047063
3593,0.8687845257735347
3594,0.32360543445276424
3595,0.8726407201822678
3596,0.06494722528080565
3597,0.08172294219604997
3598,0.156406299666906
3599,0.5789052830049835
3600,0.13966574312503166
3601,0.4330126879107661
3602,0.17347727289994136
3603,0.0979323683919382
3604,0.1167633641011841
3605,0.9580170493376978
3606,0.7778886082437004
3607,0.07346651330070214
3608,0.5306523823551592
3609,0.2920795413726721
3610,0.26247528769789996
3611,0.3019047895164413
3612,0.00100353050400237
3613,0.8858919281396015
3614,0.7827524114346949
3615,0.3029229883520977
3616,0.20097104656211262
3617,0.3692915885885549
3618,0.006866151759267802
3619,0.9762576367653055
3620,0.09511635435681481
3621,0.15220195766755606
3622,0.6205967546790373
3623,-0.0741168502140564
3624,-0.19758752546624442
3625,0.2539456254377754
3626,0.6773098920366553
3627,0.057419209996846965
3628,0.12546735541644444
3629,0.2762873363161272
3630,0.22582847065328038
3631,0.1753135295128505
3632,0.3165708544190067
3633,0.9008022057770886
3634,0.2908446219564268
3635,0.8300052556876172
3636,0.8567981569126379
3637,0.06836352283876218
3638,0.008144847905830366
3639,0.2687855156412739
3640,0.8428668047158796
3641,0.030259716253766833
3642,0.03395219595739146
3643,0.06909635755147225
3644,0.8701364396660202
3645,0.005123240792230699
3646,0.5720473320635899
3647,0.09357629750189767
3648,0.28191538139940825
3649,0.25699738152446244
3650,0.17142895659969332
3651,0.8240804681944176
3652,0.38066167400571094
3653,0.41358973024558177
3654,0.09016691295287127
3655,0.024749302480096103
3656,0.8415631491042703
3657,0.9057313686404506
3658,0.18110375217787483
3659,0.6167576302083165
3660,0.31129920331888705
3661,0.22693870025362214
3662,-0.04303319336085587
3663,0.8181524178179981
3664,0.191074872854791
3665,0.8492760225291016
3666,0.5060918901359723
3667,0.14811787464630705
3668,0.05860967654165372
3669,0.06572746860674739
3670,-0.06208101773391256
3671,0.08189328647042049
3672,0.04890471055296203
3673,0.8685325449418597
3674,0.23487481965131332
3675,0.07196147366671796
3676,0.8746021649398151
3677,0.2076317203570524
3678,0.22180704180254082
3679,0.3309944397589241
3680,0.8269755677615821
3681,0.2523180121955319
3682,0.5590343488146378
3683,0.5048185261575734
3684,0.1583506511059245
3685,0.5126318460113659
3686,0.5432989913991302
3687,0.9207473522624496
3688,0.5218785270237699
3689,0.4494308394357388
3690,0.15796086233917678
3691,-0.05025513283277028
3692,0.3346830710191736
3693,0.5176680856738886
3694,0.33182536844017024
3695,0.7962025712155
3696,0.5153731852326361
3697,0.8907157830453305
3698,0.888763827616855
3699,-0.021116517289864967
3700,0.5870609196023944
3701,0.8527473138329318
3702,0.17847733354012352
3703,0.9541204624467796
3704,0.23167535796317912
3705,0.10342116172228066
3706,0.9136196977947931
3707,0.5583344314725257
3708,0.8979685660343114
3709,0.8527075358984627
3710,0.014754034011264183
3711,0.18489492118304252
3712,0.8441708930221212
3713,0.15464020415996316
3714,0.1359548723381967
3715,0.3435020447864428
3716,0.19101744579849897
3717,0.7643764408188304
3718,0.0014597606310532973
3719,0.8331743734398109
3720,0.8692129982437342
3721,0.20347633385147337
3722,0.1881437259482165
3723,0.5649827886790573
3724,0.12765445276353055
3725,0.5015801804507585
3726,0.24214339843479663
3727,0.8367613524880206
3728,0.5651976812500359
3729,0.84512780136601
3730,0.896435687340724
3731,0.9164965329201833
3732,0.8148834264046628
3733,0.8859899087242988
3734,0.1393882897432283
3735,0.32512193349122875
3736,0.8586644228934521
3737,0.20539727476038472
3738,0.5477557828128806
3739,0.24247911819604018
3740,0.041386988103422284
3741,0.9131462918678419
3742,0.4566106128117485
3743,0.9236229794313431
3744,0.16525650415272247
3745,1.0393121854211014
3746,0.1427640481282877
3747,0.1376086735203657
3748,0.031034263819323393
3749,0.6240594488402116
3750,0.818698566430748
3751,-0.008125649795089673
3752,0.12616126702220082
3753,0.22940912771030963
3754,0.1062574507456065
3755,0.8955747923191408
3756,0.827274315955226
3757,0.4402781804017719
3758,0.5513351640449909
3759,-0.09992399781864475
3760,0.8754134877883365
3761,0.04155807484892249
3762,0.8575174904175245
3763,0.8969515265694883
3764,1.0489406420586236
3765,0.4244290234175223
3766,0.9036960319330256
3767,0.06078264483914769
3768,0.17184422816947986
3769,0.8980357231454478
3770,0.9660796373722391
3771,0.17198721274658818
3772,0.2856656322908093
3773,0.6735608763117228
3774,0.11920867634977061
3775,0.055416003741412756
3776,0.2556934601071267
3777,0.786855307000184
3778,0.616772990473279
3779,0.7890706886475692
3780,0.8097691488902184
3781,0.6320456904944954
3782,0.06130277722663441
3783,0.5127779417690822
3784,0.32697237956770475
3785,0.5490673457884234
3786,0.9308262174573503
3787,0.07515575611937109
3788,0.6128848073189332
3789,0.6115571224261651
3790,0.7510021030584396
3791,0.9047471552417823
3792,0.4008459349859527
3793,0.6958269932521945
3794,0.37767224443298814
3795,0.27426336935466833
3796,0.2800058489734107
3797,0.11981812613938952
3798,0.3136825952342912
3799,0.7889362133724183
3800,0.3434899441843209
3801,0.3877934003913239
3802,0.35574416387020585
3803,0.7679564074748757
3804,0.03424893456963807
3805,0.8614641069341173
3806,0.6852208407321452
3807,0.18539283639580817
3808,0.9943377402089562
3809,0.06746878038356185
3810,0.8639053528099685
3811,0.33951615676091096
3812,0.33926191056973265
3813,0.8677947160949173
3814,0.2943835938722954
3815,0.41282756515841795
3816,0.2646803045308079
3817,0.0844925092273216
3818,0.32254447980641243
3819,0.9876175127689566
3820,0.1747841578516966
3821,0.5634649194613557
3822,0.33023155459677167
3823,0.43290164676851944
3824,0.22806724575629816
3825,0.5024978019793346
3826,0.8817412239049072
3827,0.1899601960099061
3828,0.12024286938253453
3829,0.1238645201260058
3830,0.7875434843201743
3831,0.08463344590323446
3832,0.22913719836077284
3833,0.0478409315296347
3834,0.15274362804239905
3835,0.7465486631273669
3836,0.18410742589249696
3837,0.5317536610931789
3838,0.5674864502933384
3839,0.2337819735112079
3840,0.24045394405818515
3841,0.48888540989170054
3842,0.21289814583338354
3843,0.2541566709111761
3844,0.5832887872521624
3845,-0.10920951766083403
3846,0.21174657670393374
3847,0.8645871139111599
3848,0.1576311814304555
3849,0.31070709019708487
3850,0.9177332647079195
3851,0.9423352023929363
3852,0.9918253947396831
3853,0.1455822310338708
3854,0.024710714544638857
3855,0.26234578009628484
3856,0.25753658334195706
3857,0.8526503339712397
3858,0.532564472957088
3859,0.8468703866483713
3860,1.0888011229810608
3861,0.8589798427995776
3862,0.6088895693075346
3863,0.2353110591271871
3864,0.8690259615400102
3865,0.8376091062383657
3866,-0.026341384701748627
3867,0.18734230265832608
3868,0.8422179347587547
3869,0.22630680227563743
3870,0.8987934047907316
3871,0.2329821092008019
3872,0.22885560620402673
3873,0.05358460785463515
3874,0.5608236794524224
3875,0.8582218754505895
3876,0.24396407817400467
3877,0.09878341572326438
3878,0.3098826689771357
3879,0.23317275071168145
3880,0.17507605068034865
3881,0.8994942044237424
3882,0.03933887787902396
3883,0.8995511288807064
3884,0.47511766678230194
3885,0.8134151192005485
3886,0.7029808892032409
3887,0.11955379306447811
3888,0.8990912430673159
3889,0.9167937806066402
3890,0.8931402371750389
3891,0.246410295910151
3892,0.7978712826459649
3893,0.17341110070286697
3894,0.20729914541072605
3895,0.8965966947183643
3896,0.9531867079546625
3897,0.7905583981752287
3898,0.0009468470020901898
3899,0.8159831880467241
3900,0.48086040254136564
3901,0.28482188927855256
3902,-0.01945839384786191
3903,0.3932878030125698
3904,0.40249418925474256
3905,0.8879992234396464
3906,0.9339151319609389
3907,0.8214630400020371
3908,0.18899613360399922
3909,0.30906594354736905
3910,0.09921577280982202
3911,0.9872832757483117
3912,0.11515258143575846
3913,0.23030299986669647
3914,0.23117371811497245
3915,0.3185109747776861
3916,0.886633670361041
3917,0.8927058319087113
3918,0.8393093756707607
3919,-0.015679774962848114
3920,0.3017791946282654
3921,0.1104815716886397
3922,0.13087024181574514
3923,0.5141260774893042
3924,0.4043106403699888
3925,0.18428968855482558
3926,0.37441019954483606
3927,0.14959622066753164
3928,1.1843265060629868
3929,0.07477642507678506
3930,0.4969650829979384
3931,0.5916602259426204
3932,0.2318076714298613
3933,0.27228920894448744
3934,0.06455698652850977
3935,0.2858913155597751
3936,0.4805130694620099
3937,0.05735312197248815
3938,0.865911538079317
3939,0.8977662010173171
3940,0.0320562040281509
3941,0.8511219739425724
3942,0.8658023880056364
3943,0.5416349340196298
3944,0.44629768984395274
3945,0.12367005681526755
3946,0.8135708594871545
3947,0.8430241424268011
3948,0.9589776970124013
3949,0.29626789538213627
3950,0.36160275704857053
3951,0.830642601207191
3952,0.09028493017723799
3953,-0.05768609495293425
3954,0.9351097226661822
3955,0.11040882731044366
3956,0.832674000032771
3957,0.2672035295707998
3958,0.9515780109669654
3959,0.25636408698009927
3960,0.16777783538861052
3961,0.2107921518067477
3962,0.5359636142449112
3963,0.14920318487339013
3964,0.8924910907048038
3965,0.8213711071504699
3966,1.0027529216369662
3967,0.18718354215451233
3968,0.054258390273127455
3969,0.3869561772474195
3970,0.041123424660884145
3971,0.346760629649241
3972,0.021863753786000473
3973,-0.15946713035286014
3974,-0.102165464439477
3975,0.2958497160625372
3976,-0.0216842785464072
3977,0.20197668722671533
3978,0.15719150570558438
3979,0.37540835070258
3980,0.061283061289490015
3981,0.33140988483703054
3982,0.49872666400435306
3983,0.8843838127445501
3984,0.1656981015137805
3985,-0.08675487520728392
3986,0.42472985186092443
3987,0.7733404175987462
3988,0.47128610628970463
3989,0.5825144743929407
3990,0.07204363694749805
3991,0.8795386369641502
3992,0.10043078270818129
3993,0.6258397105940811
3994,0.5307144258530947
3995,0.21255593326574523
3996,0.1766193460645687
3997,0.8770548753179197
3998,0.41432127080801795
3999,0.02221743528614467
4000,-0.09070911574412138
4001,0.3195061918891523
4002,0.7232610521367757
4003,0.11091613380690735
4004,-0.028614242590079775
4005,0.0850615399758719
4006,0.790324449672396
4007,-0.08751964767817838
4008,0.8547620249853167
4009,-0.08738174250572356
4010,0.16486309851077963
4011,0.2301455713525657
4012,0.052108953866346286
4013,0.6171776505003953
4014,0.5857512591727918
4015,0.5831206061411123
4016,1.286786048911548
4017,0.8780244445561518
4018,0.13811527199081036
4019,0.8542545760428004
4020,0.08551862127748883
4021,0.8919410188042676
4022,0.33958381455841347
4023,0.9453158893488762
4024,0.1928475081973346
4025,-0.006324843772437472
4026,-0.009092871119185109
4027,0.5386904965230842
4028,0.1875235758083345
4029,0.19318757466366226
4030,0.8945482643711894
4031,0.6052935148160956
4032,0.8710024191319683
4033,0.2364228229779473
4034,0.9916769757687007
4035,0.13500258798861892
4036,0.12432333912567572
4037,0.07928411982899108
4038,0.18630233810818475
4039,0.11607830308881895
4040,0.42797760506922367
4041,0.833170908145118
4042,0.7257040551154794
4043,0.5991884285945313
4044,0.5452644015534469
4045,0.9350859048234377
4046,-0.044062878961240504
4047,0.03481719431815089
4048,0.6288905701973836
4049,0.8689561349302697
4050,0.392404489647839
4051,0.8079672778843263
4052,-0.10591461616803116
4053,0.8110719281301684
4054,0.7151444333312423
4055,-0.008894636304820402
4056,0.2930482155514912
4057,0.6994616843338683
4058,0.5620491390542586
4059,0.1879253510363299
4060,0.3686303253517975
4061,0.18583500466756042
4062,0.8292154451650167
4063,0.06018120695767126
4064,-0.004004798446659907
4065,0.11734483040014893
4066,0.9064883969067892
4067,0.9048198877294136
4068,0.1091354334409721
4069,0.1639189516201393
4070,0.9033199727312119
4071,0.7812218052539656
4072,0.31079159469073653
4073,-0.13789312296035966
4074,0.6196543879966063
4075,0.6424568362638234
4076,0.3238948242182523
4077,0.8966169052256301
4078,0.32323346015076637
4079,0.42016070136636974
4080,0.1477888740291306
4081,0.7930496554981552
4082,-0.2601619682964021
4083,0.8638754545618185
4084,0.8878452980942506
4085,0.19701432253901802
4086,0.9062045175583526
4087,0.32590520181662974
4088,0.16765237963949658
4089,0.8295757126972884
4090,0.8229568755168212
4091,0.9591301962655432
4092,0.46581650729255536
4093,0.17437558949520915
4094,0.9407712191318338
4095,0.18672956210627434
4096,0.754787433486745
4097,0.2292464478342902
4098,0.8016646796393686
4099,0.10513305035654874
4100,0.9065719347057996
4101,1.3598173656865336
4102,0.3582103722472059
4103,0.4544284417186835
4104,0.22734229907753603
4105,0.5924545008240878
4106,0.9223756935241412
4107,0.29104563993855054
4108,-0.010553425066399003
4109,0.26743383993301295
4110,0.09541812995076349
4111,0.8789224672881587
4112,0.3546768037241111
4113,0.1617842597763144
4114,0.9567514191562982
4115,0.0677101349818327
4116,1.0881319065516948
4117,0.8477463568425783
4118,0.02917919651454004
4119,0.8346874614444778
4120,0.30209434144347774
4121,-0.05427811637332858
4122,0.1780168368036666
4123,0.10543788988266845
4124,0.14568449471138217
4125,0.5630412948917599
4126,0.8722372150933294
4127,0.21805739618598163
4128,0.9366399160102616
4129,0.9127251471030138
4130,0.8637325998942785
4131,0.5683388573881373
4132,0.9928171259727356
4133,0.1648896730289482
4134,0.5730055417105374
4135,0.1821735209416696
4136,0.30434112686410525
4137,0.11420300184598481
4138,0.8355350552171241
4139,0.2529222993575442
4140,0.5147934175552537
4141,0.44587354830196135
4142,0.8882612202927289
4143,0.16335376912052457
4144,0.19252894940321852
4145,0.1341375609253101
4146,0.17072672368370972
4147,0.9535942991818525
4148,0.04065494757242427
4149,0.6597874052821201
4150,0.813551934537744
4151,0.007225701930461514
4152,0.5826733176305103
4153,0.42506984691254224
4154,0.2220323650957189
4155,0.3252756154098078
4156,0.414094856577179
4157,0.34783921526691963
4158,0.04780868020895457
4159,0.19517243670390017
4160,-0.1676093240732452
4161,0.5592596731562356
4162,0.05360547618360667
4163,0.0006390718549254548
4164,0.16279684843668285
4165,0.22167246389900175
4166,0.10412780450793496
4167,0.9009054360406847
4168,0.727683253275175
4169,0.7836717062507861
4170,0.33440279569844095
4171,0.35669764688791766
4172,0.7465028713518538
4173,0.8713252105894909
4174,0.6240285961171738
4175,0.8705249662385117
4176,0.39837122502752526
4177,0.35483997484913454
4178,0.3255367967952501
4179,0.17115751523014006
4180,0.686572641130588
4181,0.2690246862097808
4182,0.32121934204844127
4183,0.8703086249856884
4184,0.18931680214319108
4185,0.010039156291214935
4186,0.04485743822537719
4187,0.3707929656539486
4188,0.305520865394345
4189,0.6454615960413996
4190,0.909560807644398
4191,0.5977983276483612
4192,0.21751953387582254
4193,0.28338485482379705
4194,0.7701206601156031
4195,0.2603867772494691
4196,0.9129862590949676
4197,0.9362175854456072
4198,0.9562267358050276
4199,-0.07756404510274001
4200,0.9467791777460459
4201,0.4503396174005603
4202,0.047330414331686776
4203,0.9445945461912353
4204,0.015963153850533374
4205,-0.08032335107444838
4206,0.9491831258575392
4207,0.33394744236229734
4208,1.0285166841682065
4209,0.1530475038733553
4210,0.09217550118861834
4211,0.7804646766037713
4212,0.30447505385976825
4213,0.12160302863517353
4214,0.540434579150478
4215,0.8708635827854936
4216,0.19336003311750094
4217,0.24179574544773763
4218,0.24606260855007592
4219,0.1404496796551351
4220,0.8856875933431541
4221,0.8265940087091985
4222,0.12871562687981558
4223,0.15787294033376154
4224,0.24003450081087388
4225,0.155909940537233
4226,0.3861829702368442
4227,0.34162343627300945
4228,0.629877787169191
4229,0.8505077113029416
4230,1.0534494384143174
4231,0.4020597622923529
4232,0.9116971824671077
4233,-0.021207463888053557
4234,0.3712865691068259
4235,0.9324605615499786
4236,0.5671233749973907
4237,0.9537078382745061
4238,0.8172090850456604
4239,0.6624830473227417
4240,0.12504221602658983
4241,0.10049774923622201
4242,-0.009813606096598482
4243,0.4337207183011387
4244,0.04436158880344715
4245,0.5686689921627508
4246,0.08655723392210524
4247,0.3552405523596647
4248,0.6156816557535049
4249,0.25722520178706093
4250,0.8690918679624695
4251,0.8655033436190744
4252,0.5808078648390844
4253,0.39228527705298155
4254,0.31831023100841754
4255,0.5719436376441523
4256,0.1999862826824913
4257,0.8609748495620709
4258,0.0414322081258619
4259,0.15769939913277647
4260,0.8585095837112816
4261,0.9510930800004598
4262,0.25387989787791476
4263,0.1712949065343145
4264,0.09190133119184007
4265,0.6048173218367817
4266,0.6702620676930694
4267,0.5644138008418463
4268,0.3006498329731826
4269,0.8702933334866778
4270,0.79944251619531
4271,0.8545077837033623
4272,0.5059623358826651
4273,0.16552462495202352
4274,0.12186491610341021
4275,0.050090766529853115
4276,0.5816089454724112
4277,0.3202197041329619
4278,-0.07433352732528126
4279,0.7373871201774442
4280,0.12155920859938496
4281,0.8296797984555555
4282,0.2207388651199908
4283,0.09478480735243555
4284,0.5210154005020934
4285,0.20500435976046208
4286,0.878524213620433
4287,0.9720451605189282
4288,0.34146803376880175
4289,0.8605861177640453
4290,0.9326876535913053
4291,0.16176383088764995
4292,0.45881633521474063
4293,0.07060610422850944
4294,0.806144013251593
4295,-0.021037620756542474
4296,0.6686657519183882
4297,0.9319705322785619
4298,-0.010091362641188928
4299,0.39261893263306796
4300,0.4614577494044998
4301,0.8652785060361479
4302,0.2145536180362892
4303,0.020376466672644367
4304,0.4763768566207154
4305,0.06420473112926445
4306,0.2920592369164787
4307,0.4450879339974803
4308,0.17717109010417548
4309,0.41397379636981074
4310,0.16120473687565862
4311,0.43640302370008843
4312,0.9255964671245014
4313,0.06422260261177937
4314,0.3859227085121204
4315,0.28452719586770236
4316,0.39914137810107353
4317,0.18416913459391854
4318,0.15136642384678323
4319,-0.010767189052688975
4320,0.3305941752412778
4321,0.8520697466170462
4322,0.25010498924094904
4323,0.8082207464219449
4324,0.35481524921978386
4325,0.06485229477939675
4326,0.8659962273134786
4327,0.35572569656251124
4328,0.34025898865078863
4329,0.10333099057888445
4330,0.13997071883226891
4331,0.1623551373809417
4332,0.21372644180024616
4333,0.6816948830525658
4334,0.1712204700623119
4335,-0.010027800023100941
4336,0.5760290432556606
4337,-0.06727128902711227
4338,0.8695684158104736
4339,0.9521777824291964
4340,0.04184864100732155
4341,0.09761906877516191
4342,0.617834136902527
4343,0.336998149830018
4344,0.21611636175194415
4345,0.1525584740864338
4346,0.07836898854664931
4347,0.16455046005403595
4348,0.2575360742748981
4349,-0.012192328691356613
4350,0.8165685716020228
4351,0.09132447377761366
4352,0.32863610697266377
4353,0.8934150744202142
4354,0.052321922877099525
4355,0.3812183627009319
4356,0.13607290609723893
4357,0.18025654652637885
4358,0.11823732577991508
4359,0.864040775560682
4360,0.8958859432159568
4361,0.06705762787879144
4362,0.23548722132039696
4363,0.3588931079595906
4364,0.5928164919662626
4365,0.4514758460956772
4366,0.5484035224176788
4367,0.8368418420547787
4368,0.16116482802429866
4369,0.3151737431424416
4370,0.16273949875881172
4371,0.7682723410482498
4372,0.5474382658348603
4373,0.6044710173348402
4374,0.35622254562188077
4375,0.8366547939201715
4376,0.772814715616519
4377,0.18416380879244842
4378,0.06725077398070217
4379,0.863960955747864
4380,0.90012363268696
4381,0.16285204513787438
4382,0.1084867738331396
4383,0.7930904426386585
4384,0.7397688312536477
4385,1.0010770741539134
4386,0.014799736950896591
4387,0.8530552507623663
4388,0.5013270563486243
4389,0.18228073177754428
4390,0.1977381482425192
4391,0.6903257675969643
4392,0.20661858956487333
4393,0.17258533939078868
4394,0.9401080686051604
4395,0.10334067765160443
4396,0.6104718773959605
4397,0.5789580568212505
4398,0.06478915350079545
4399,0.18136086196202278
4400,-0.04158680147266758
4401,0.8662265525433395
4402,0.18419947662583902
4403,0.9247780774859715
4404,0.22497014326492867
4405,0.5750109089323264
4406,0.03337396060470388
4407,0.14681560857223497
4408,0.8928384402070803
4409,0.8682934535951596
4410,0.3241334538179023
4411,0.3457603035411527
4412,0.9012203749450938
4413,0.4427453129091325
4414,0.2334448762162596
4415,0.2526954969744223
4416,0.06480717966264044
4417,0.4923812690712331
4418,-0.11204917069576131
4419,-0.034412179292481415
4420,0.09648636578639347
4421,0.2942372309408334
4422,0.47563184349736576
4423,0.04315884398406816
4424,0.33731768341599555
4425,0.5643176435579349
4426,0.8906289528933933
4427,0.9139235838971391
4428,0.09953502547682291
4429,0.0026756816229924207
4430,0.24097113687735733
4431,0.39925848134443176
4432,0.9374430529280187
4433,0.829994433039605
4434,0.5238397385577366
4435,0.15314813570738223
4436,0.6851469261808907
4437,0.3477437901819143
4438,0.03238964364955532
4439,0.29683977340642065
4440,0.10076652611009707
4441,0.8901065944729809
4442,0.9031328132197718
4443,0.27797425710925716
4444,0.8638445183270611
4445,0.20735242184470187
4446,0.3346685948397601
4447,0.18333232998164412
4448,0.12250040930977751
4449,-0.0012501123849427143
4450,0.13317451563365862
4451,0.32769626975059035
4452,0.14454787840288835
4453,0.6379360864666257
4454,0.6530072737942487
4455,0.6136409366659668
4456,0.2975657602539987
4457,0.2500347899811579
4458,0.2911771050401694
4459,0.16824982169589964
4460,0.156553472490561
4461,0.8569522879988329
4462,0.4307753184804552
4463,0.3759928045715443
4464,0.2216077606620478
4465,0.5610445553024347
4466,0.12367578137019514
4467,0.21538988576706447
4468,-0.13964709872343423
4469,0.33772550855674377
4470,0.8878944560522878
4471,0.8308458631240205
4472,0.1285014738562435
4473,0.34956056583027834
4474,0.45732050641913863
4475,0.7195064680139478
4476,0.857618528532058
4477,0.29279026597699387
4478,0.10226266645523019
4479,0.2546872586862077
4480,0.1801126552464402
4481,0.8148988791535907
4482,0.8150523762506385
4483,0.5608747251818011
4484,0.8387596502911308
4485,0.675808398126083
4486,0.9573466606810641
4487,0.3397253630677475
4488,0.2505822174186533
4489,0.5137369189166892
4490,0.17114482357345018
4491,0.8838652104425251
4492,0.3521863277088641
4493,0.8598935015111968
4494,0.06276995491302345
4495,0.5136717619115513
4496,0.36407033832967683
4497,0.7100995114410611
4498,0.360880317688679
4499,0.5967974139794463
4500,0.0710928092889741
4501,-0.014331031155386031
4502,0.9490305715312037
4503,0.0827823536367131
4504,0.16235708786452496
4505,0.7555537875082345
4506,0.40724160893390915
4507,1.056705522530896
4508,0.27488703978936546
4509,0.823385979909202
4510,0.5451352505212543
4511,0.005345396040469519
4512,0.875415634756599
4513,0.369821973904485
4514,0.822021021484109
4515,0.38463287409040514
4516,0.8554956512837409
4517,0.5049662394804264
4518,0.18040844044321108
4519,0.7540718412372569
4520,0.10735060279908898
4521,0.6312678731431305
4522,0.21933383956775795
4523,0.2146844827157653
4524,0.3640024724650771
4525,0.855146175128844
4526,0.5965100143558594
4527,0.8869840256708408
4528,0.5390437303269308
4529,0.25804486549163297
4530,0.15150569531477426
4531,0.8961032783974581
4532,0.21718965205708182
4533,0.17754556266464783
4534,-0.0003225553777406742
4535,0.09646978873620143
4536,-0.018181600339423287
4537,0.4695576366440732
4538,0.21312437914390125
4539,0.42969833584527306
4540,0.28520457323921133
4541,0.606690017541331
4542,0.8839812223895366
4543,0.10938021281850918
4544,0.5807946551195526
4545,0.26688004952196076
4546,0.14076315371187892
4547,0.9126670428118044
4548,0.8249858999727819
4549,0.2571918371160843
4550,0.9937728689158956
4551,0.17325496859052242
4552,0.8769851009747809
4553,0.5176435622237672
4554,0.1297085225425943
4555,0.29122052651991404
4556,0.8990854501534203
4557,0.8912155060921014
4558,0.3247233218970169
4559,1.0221324149000452
4560,0.30745334298792865
4561,0.3386678781962631
4562,0.23649122800538033
4563,0.9385702270045828
4564,0.43644805486813676
4565,0.12811935493049403
4566,0.9209560535700465
4567,0.9965082564563319
4568,0.016390439646529698
4569,0.23619216044344582
4570,0.31304245831749455
4571,0.2735192942635408
4572,0.8878748967735407
4573,0.5377177772611714
4574,0.8831384248470258
4575,0.8800677348778118
4576,0.21541418663229872
4577,0.6078794876007062
4578,-0.06276911465550489
4579,0.1420440601457788
4580,0.8959772020274038
4581,-0.07530707987116286
4582,0.5100154176977941
4583,0.14947359405734378
4584,0.3937392442851896
4585,0.829135808070902
4586,0.5985161329243017
4587,0.214520418345114
4588,-0.05219087653485377
4589,0.0451879515366731
4590,0.2805414283799871
4591,0.632572191243986
4592,0.19588054950571152
4593,0.8987234097251366
4594,0.21094272924701624
4595,-0.05790895722265138
4596,0.12441197237349666
4597,0.6473962909049371
4598,0.2981916428912095
4599,0.017802771894190994
4600,0.8881414395629894
4601,0.027464149458256037
4602,0.35064605984756947
4603,0.21112735359352464
4604,0.6241398444107404
4605,0.07892883392995703
4606,0.352114345416093
4607,1.0723585721533853
4608,0.343816028044497
4609,0.15708010505115916
4610,0.3625280801141988
4611,0.7735963170564184
4612,0.37284542341680704
4613,0.8640338615051222
4614,0.3797181569991048
4615,-0.055813798814730586
4616,0.34656092649728065
4617,0.9232762683559321
4618,0.4272395293626177
4619,0.10531457649766462
4620,0.33452639311347165
4621,0.46078478809168943
4622,0.20490193520470598
4623,0.5481162213572774
4624,0.18408053240235966
4625,0.12937249330919903
4626,0.2413606703313928
4627,0.811313153341326
4628,0.09869196601742564
4629,0.33822727402174635
4630,0.8573373104643986
4631,0.20558434627564215
4632,0.11308941672864187
4633,0.8391290232973668
4634,0.2956399904649561
4635,0.5221549783779571
4636,0.23278347385860299
4637,0.8636124576023605
4638,0.8901939505587436
4639,0.894769668834722
4640,0.9928542345942994
4641,0.8611817989612129
4642,0.9206114287281226
4643,0.8902796082920014
4644,0.24720957930026916
4645,0.10065804521808752
4646,0.2514341521326571
4647,-0.08014829391574169
4648,0.136143010131835
4649,0.11336981792659029
4650,0.25760061147618696
4651,0.32386247505931237
4652,0.5081511164245262
4653,0.07474706336272147
4654,0.9078841739458907
4655,0.8361188757768411
4656,0.12466179781943315
4657,0.5850336018795017
4658,0.35521703322442333
4659,0.7993385052403241
4660,0.9860203775956176
4661,0.8493856936530826
4662,0.19008672144390398
4663,-0.0479120138336967
4664,0.5094304050343407
4665,0.39590974285712394
4666,0.4289976688609878
4667,-0.013456739529906225
4668,0.5855006133526657
4669,0.30188700035085436
4670,0.5507167982958395
4671,0.36924097224159025
4672,0.21455308859640856
4673,0.8694056749308983
4674,0.6180037502682475
4675,0.06887089856432077
4676,0.05784211706301051
4677,0.18312967321782497
4678,0.225018688453552
4679,0.8145736007069395
4680,0.3211545612667145
4681,0.8800765741857403
4682,0.9567074654364109
4683,0.2753859730486311
4684,0.16314339854248455
4685,0.9013433098507495
4686,0.8140217507924522
4687,0.6387108734345119
4688,0.14279306880397735
4689,0.9780997117073793
4690,0.8662962545634623
4691,0.8557371230166537
4692,0.8059626706373462
4693,0.9520515269765906
4694,0.10862254622795914
4695,0.610087107487553
4696,0.8170617034979586
4697,0.12402721999419314
4698,0.8956095411170613
4699,0.2360675935443873
4700,0.7732553352754237
4701,0.0872277658025093
4702,0.8866073895339859
4703,0.20990797206280662
4704,1.0105021658521538
4705,0.8923282303479823
4706,0.08173576925525194
4707,0.08416180696429348
4708,0.9997356761993399
4709,0.148194596145027
4710,0.8898471629752123
4711,0.8713196990617922
4712,0.12868756667101183
4713,0.25622896626949165
4714,0.7970556010092518
4715,0.1822888027000501
4716,0.26651766858138015
4717,0.39920013337053933
4718,0.2316335211213489
4719,0.8816057273093663
4720,-0.12487131639068522
4721,0.11248532164656849
4722,0.7766974834112407
4723,0.06691530376565608
4724,0.6134647050511994
4725,0.4689862803702306
4726,0.3316134702644693
4727,0.9106894290869907
4728,0.19827125868019826
4729,0.772657473938123
4730,0.9456648990608922
4731,0.8498727257426699
4732,0.6666813373734057
4733,0.07469345430256202
4734,0.994500264943704
4735,0.8529235887647816
4736,0.1605376470390943
4737,0.14402873455986404
4738,0.08857160774415224
4739,0.26475053689241657
4740,0.8810300754456448
4741,0.4562063811859497
4742,0.5620490141696358
4743,0.1854198748810384
4744,1.0143126662540818
4745,0.18412053963036357
4746,0.1931043031605369
4747,-0.11909107004442926
4748,0.11696383381890924
4749,0.7796413333684244
4750,0.10641628716492602
4751,0.5488497449677059
4752,0.5443388892967389
4753,0.6024370369283408
4754,0.20116159028546923
4755,0.16355877853261258
4756,-0.02375478872090908
4757,0.3513168148666215
4758,0.20526549620843623
4759,0.38160497117165537
4760,0.44081002063400504
4761,0.8517486622575512
4762,0.16358674778839916
4763,0.6621944147990093
4764,0.8704454269196862
4765,0.5365376885141109
4766,0.9004945581533776
4767,0.7910614547542558
4768,0.8630740114367995
4769,-0.03518333582350697
4770,0.830786509910336
4771,0.2459788367905733
4772,0.058612151586495576
4773,0.30110421589024494
4774,0.24798691586811827
4775,0.8666678046095456
4776,0.1565694899097395
4777,0.8919139544917765
4778,0.5592611107708843
4779,0.3988270874293221
4780,0.10279209959528357
4781,0.2648494487367943
4782,0.44043958987759874
4783,0.8975261519676111
4784,0.6208720715698485
4785,1.0469965482546408
4786,0.3595758685007424
4787,0.7847693040232553
4788,0.9802204212897778
4789,0.2732316084036033
4790,0.49827674850610476
4791,0.40309204553889366
4792,0.0669642399786522
4793,0.8400433423497494
4794,0.08865572438203728
4795,0.13518362357443175
4796,0.9428862524856723
4797,0.876577381992983
4798,0.7880252705934059
4799,0.3122792906458399
4800,0.179374875168946
4801,0.23039176880107465
4802,0.636115716767553
4803,0.04064252883646918
4804,0.8171623182087064
4805,0.9025539397056421
4806,0.275415525778264
4807,0.3823569908864403
4808,0.8516077787998853
4809,0.4962295305650633
4810,0.11330128427756142
4811,0.24508074342752267
4812,0.8687798032177785
4813,0.8161565787655225
4814,-0.05817833742334394
4815,0.990545916271065
4816,0.5746873256916454
4817,0.1589736174501844
4818,0.9298981467077578
4819,0.25162811606273694
4820,0.33254069995827307
4821,0.667146179225011
4822,0.17576219231954981
4823,0.6207995112614597
4824,0.1559759835615036
4825,0.9235243074996202
4826,0.46941018810494745
4827,0.12829198962757543
4828,0.7823686730737553
4829,0.1807528147856658
4830,0.11737094875128651
4831,0.5702225676962458
4832,0.3968971578019914
4833,0.2525453634932995
4834,0.18361082866728218
4835,0.3980806714050895
4836,0.08977419054808444
4837,0.8805543457546465
4838,0.2754579941562813
4839,0.25494337188168603
4840,0.8514331058575875
4841,0.9206262953614421
4842,0.16817514297260155
4843,0.3709442556242976
4844,0.38449622686213714
4845,-0.03208632919341792
4846,0.9469784872505642
4847,0.7064710556804005
4848,0.7725058747762827
4849,0.24407650353273427
4850,0.8669608461366018
4851,0.7839684831078172
4852,0.10397552447334218
4853,1.0407475211331192
4854,1.0161336873022002
4855,0.4256478443737088
4856,0.7922914795544227
4857,0.33924414310128104
4858,0.927456396774766
4859,0.7716930414417325
4860,0.9450631468174231
4861,0.27628078108560916
4862,1.0034657495610206
4863,0.35368194449870627
4864,0.2928021238165097
4865,0.45268817084033736
4866,0.5269624704782336
4867,0.9308402593982943
4868,0.9021471285539187
4869,0.0854129651452501
4870,0.3190264539966667
4871,-0.0032219008626176437
4872,0.17811700630326904
4873,0.31241277801561124
4874,0.29347485675038937
4875,0.13866995561159784
4876,0.8115371333903756
4877,0.5506171800609022
4878,0.01314918079471522
4879,0.9103924596632025
4880,0.3667762338463382
4881,0.02527565484582911
4882,-0.14641318914427354
4883,-0.03564839324458313
4884,0.22573525968799685
4885,0.7398531486100894
4886,0.9552122043063831
4887,0.07860714925111217
4888,0.8050939752995105
4889,0.6881344816075046
4890,0.83960412902637
4891,0.09107538248285807
4892,-0.057546999919881325
4893,0.12601322897984774
4894,0.9037038729111149
4895,0.3417896886738042
4896,0.0016202993408095945
4897,0.2082425409608113
4898,0.5204972292537284
4899,0.9001091318311265
4900,0.9288770106428702
4901,0.05221942533946755
4902,0.9080632825583219
4903,0.8974713475091392
4904,0.2114567902429265
4905,0.4587394298179449
4906,0.1864405246559021
4907,0.5713901469189477
4908,0.22670266741186737
4909,0.08242931677435167
4910,0.7527831951750359
4911,0.8554276195996074
4912,1.0349055475372357
4913,0.16265122578003288
4914,0.35820355299858514
4915,0.18858183637329076
4916,0.29133603223144755
4917,0.921489493935417
4918,0.3677740382427019
4919,-0.043885256874433176
4920,0.8103634785890337
4921,0.345451081877424
4922,-0.019457379124272922
4923,0.05076320544577745
4924,-0.022111916257922415
4925,0.8368511950655371
4926,0.882043012687122
4927,0.19396327018820927
4928,0.12527100897196586
4929,0.9187611926277617
4930,0.16294383408307805
4931,0.2077417281186011
4932,0.07439980230736448
4933,0.6873399140006933
4934,0.44346917667849023
4935,0.5716166897938671
4936,0.21586897096615368
4937,0.972498211650523
4938,0.1001819345733223
4939,0.8192042911697728
4940,0.26455823133541984
4941,0.8885767371681199
4942,0.5022166545160202
4943,0.07567916974429029
4944,0.387482931745693
4945,0.644067010559358
4946,1.1078656548053212
4947,0.5093920900694442
4948,1.1080963374556434
4949,0.8206758967163663
4950,0.1844353970424616
4951,1.055666963006422
4952,0.0013304223501640622
4953,0.3046380245119235
4954,0.7385961845271161
4955,0.05363991423839187
4956,0.8074649107253784
4957,0.44616062196021633
4958,0.8991515335912696
4959,0.777873979376215
4960,0.890240650073469
4961,0.34063023638068113
4962,0.29941737284050984
4963,0.23567880951980386
4964,0.4630043760106012
4965,0.6027226466046866
4966,0.46267667300442417
4967,0.12499317292501072
4968,0.5078981715024713
4969,0.5918735412888078
4970,0.12650014810441645
4971,-0.05008449366149459
4972,0.9434213631741735
4973,0.9579963908248721
4974,0.8600285437433564
4975,0.6485447351803812
4976,0.9195366992063104
4977,0.4334954895463777
4978,0.8933590370470028
4979,0.38104567605354767
4980,-0.07730938246065006
4981,0.8521562685449577
4982,0.5116099769611573
4983,0.3402965252895169
4984,0.9849482113414461
4985,0.46904625221624885
4986,0.14286469715192124
4987,0.8287501747499064
4988,0.1155944591477141
4989,0.33153122684508274
4990,0.913774968671165
4991,-0.030874709133979994
4992,0.2700223909212344
4993,0.15467962219663867
4994,0.07685041402509091
4995,0.6255614447602028
4996,0.3017266884700532
4997,0.8076134420385375
4998,0.6785923331834096
4999,0.2561856779404337
5000,0.4079904623684387
5001,0.8774792281645014
5002,0.09338473217464555
5003,0.11507636481332467
5004,0.05843895499185309
5005,0.3783475045279261
5006,0.9401215953863558
5007,0.8349786048004428
5008,0.8972740343680532
5009,0.3912940371958058
5010,0.050970123129492784
5011,0.5319950888087935
5012,0.29487801158131455
5013,0.19518389586878113
5014,0.06894254007630846
5015,0.37698561670824776
5016,0.13714559196539933
5017,0.28537568239061695
5018,0.14881909131594617
5019,0.0950198435366536
5020,0.13141849917872755
5021,0.31451730571470354
5022,0.09508862447924471
5023,0.33141030670773436
5024,0.052689096937384494
5025,0.11197805077406564
5026,0.955754875074148
5027,0.5782219091883702
5028,0.28269775586961277
5029,0.876369268634011
5030,0.8915767974073878
5031,0.008112634023446363
5032,0.8912624230997995
5033,0.8092373131505198
5034,0.67815490915014
5035,0.0897739071748348
5036,1.0504974916089815
5037,0.9123986348119598
5038,0.14800120543513112
5039,0.7025124054571772
5040,0.8472893559308894
5041,0.18403944564552566
5042,0.13538353477741022
5043,0.1530744436107318
5044,0.3069969900826134
5045,0.08479861193389199
5046,0.5857601850280585
5047,0.5792944157870298
5048,0.4179767873150403
5049,0.888606681522756
5050,0.2623862299632009
5051,1.0848383181262824
5052,0.5685187197388276
5053,0.5213875255060569
5054,0.8153687918524009
5055,0.8449043918317447
5056,0.1544572862693256
5057,0.9395071712404575
5058,0.3467453121530554
5059,0.17590455019257306
5060,-0.08094875446277022
5061,0.6177587355911307
5062,0.1938059859298027
5063,0.5782144266478294
5064,0.24693379077478828
5065,0.502034992636351
5066,0.15260135373098466
5067,0.6235355081653859
5068,1.0375384630780313
5069,0.3562234521422377
5070,0.22050657809497803
5071,0.18418314530445512
5072,0.5568911219233406
5073,0.8873317744238723
5074,0.14959539947105882
5075,0.1807991459224113
5076,0.1105789920325772
5077,0.22037779134837607
5078,-0.052499910571473685
5079,0.16738671058018484
5080,0.7317916666189461
5081,0.8634879256685186
5082,0.9188919071572372
5083,0.8525577233232936
5084,0.4782794756213498
5085,0.13638307920191273
5086,1.0046724648237548
5087,0.3311648943335996
5088,-0.0815175065339368
5089,0.590312877556666
5090,0.2917102394448747
5091,0.45178941585078275
5092,0.21622475015826903
5093,0.24580733289144802
5094,0.35920083855429125
5095,0.8035628381787491
5096,-0.006947060323647669
5097,0.2442552122952692
5098,0.1643893172141831
5099,0.19390487179471064
5100,0.5908819016227342
5101,0.856209982844973
5102,0.31648321572836946
5103,0.0018640274656231415
5104,0.5465561233219395
5105,0.5852157952092005
5106,0.8972499083209893
5107,0.36577192315983165
5108,0.2581483205484167
5109,0.8469629930719933
5110,0.8833759342410163
5111,-0.0889639276084771
5112,0.235654787333306
5113,0.2768763835393171
5114,0.09394544545575012
5115,0.2867490484296028
5116,0.141282871849358
5117,0.9402740283950171
5118,0.7585032790902111
5119,0.5072926436779149
5120,0.18797446047516725
5121,0.08119648722854483
5122,0.1307472507745398
5123,0.5407613882282709
5124,0.6370189269959754
5125,0.9461408456998746
5126,0.09123282758188445
5127,-0.024533794344899162
5128,0.8297769859922823
5129,0.46525236847663565
5130,0.2940829174147955
5131,0.0844755962632201
5132,0.26774483013200756
5133,0.5439235352410486
5134,0.5229190166988007
5135,0.3521933013170085
5136,0.1362198456976464
5137,0.057050914985228796
5138,0.7785312519386334
5139,0.8422124213994747
5140,-0.05773083443280602
5141,0.9273458134116837
5142,0.11250321177918743
5143,0.7366156440791083
5144,0.19618683149653338
5145,0.6251448662053681
5146,0.1176052891464528
5147,0.9148251473950316
5148,0.29893084420664007
5149,0.8761337583465533
5150,0.6542866667800404
5151,0.4603460258497288
5152,0.1889275795814031
5153,0.2523417161316323
5154,0.295712576426333
5155,0.5830365876512652
5156,0.6780483409233421
5157,0.9171955818639448
5158,0.07871842647336758
5159,0.03137389458226347
5160,0.852366680890266
5161,0.6215586447429202
5162,0.5831159558753862
5163,0.15137209484356762
5164,0.6286663757174948
5165,0.17373297610383948
5166,0.7326525758922933
5167,0.24770632015563165
5168,0.23464771056539013
5169,0.3110694625015178
5170,0.3513129499598634
5171,0.9728328403731619
5172,0.2601812829536345
5173,0.6201554243133728
5174,0.8531967743268278
5175,0.5580450495109714
5176,0.5070264820252465
5177,0.2489377902317456
5178,-0.0080962529844254
5179,0.2024851236624066
5180,0.6532535596770273
5181,0.05645492243439082
5182,0.6052823351356084
5183,0.656512243141037
5184,0.6157230204943709
5185,0.42794359627833817
5186,0.25467810001400304
5187,0.5686679054921862
5188,0.08434774961648533
5189,0.6899559970713465
5190,0.16861608241113835
5191,0.8318812193313275
5192,0.1387235577202376
5193,0.994010932465256
5194,0.12401513866156755
5195,0.07277659817085813
5196,0.058406148310870376
5197,0.025690689147328527
5198,0.9053084373769362
5199,-0.06981152476623881
5200,0.3925697488522807
5201,0.9396860233233799
5202,0.3526376094640199
5203,0.894806613221286
5204,0.8866724711809901
5205,0.5858640408725126
5206,0.38735685006916587
5207,0.5744962083233669
5208,0.34225819494066984
5209,0.3712984903511889
5210,0.8776096208247066
5211,0.9106123704968301
5212,0.08598537939111384
5213,0.8458970037216442
5214,0.17616153750144276
5215,0.6119712397690142
5216,1.001013925359187
5217,0.2774758799847713
5218,0.12274736751301696
5219,0.8442309435379038
5220,0.326612482409481
5221,0.08691585927515028
5222,0.2307934170974203
5223,0.1732760228667662
5224,1.0262724915865693
5225,0.13422718295634878
5226,0.1348340409632406
5227,0.2005231681763782
5228,0.9125426490605457
5229,0.570225131820975
5230,0.8361785053876951
5231,0.7871075979406064
5232,0.17710764226828057
5233,0.5585835228060687
5234,0.8997997738467889
5235,1.2656053573850332
5236,0.17590028112373285
5237,0.020758592982347224
5238,0.255686258437005
5239,0.3527001593350879
5240,0.11448586336868927
5241,1.0237097890122087
5242,0.8915987738855655
5243,0.11423910329389841
5244,0.32170139229937234
5245,0.12077026584814693
5246,0.5934800813406774
5247,0.54608212927535
5248,0.16603707962920383
5249,0.380045226231738
5250,0.9717236834203005
5251,0.6088287907309317
5252,0.33609438205865927
5253,0.1182966924282301
5254,-0.08357920768302612
5255,0.1645810120551494
5256,0.41765463947561254
5257,0.006467189265620676
5258,-0.008634107168166039
5259,0.11938694660778715
5260,0.6775732762476725
5261,0.31364765744823186
5262,0.6654133138917605
5263,0.6307975874873009
5264,0.27035153028188996
5265,0.45028951884367613
5266,0.9032141614148528
5267,0.11929999781886591
5268,0.674076527238321
5269,0.2541249449326033
5270,0.9268719352558581
5271,1.05583542076177
5272,0.31013406855145215
5273,0.8944852345792902
5274,0.0552323499156302
5275,0.3114468514000304
5276,0.26263207972199876
5277,0.4718723236941907
5278,0.21243747638035873
5279,0.06958432264802639
5280,0.5592648666478107
5281,0.02681134749210612
5282,0.19225742037607996
5283,0.11010345449512299
5284,0.8440226935386739
5285,0.8229513340752741
5286,0.48367155433844444
5287,0.8230143624624329
5288,0.3466108686651224
5289,0.6005794036842942
5290,0.35098268500380836
5291,0.2597687780205584
5292,0.8048341560811147
5293,0.1397819836731028
5294,0.5866133178593981
5295,0.8045100501106328
5296,0.07682180613580736
5297,0.41192052291161874
5298,0.8698958773497942
5299,0.8837565346861507
5300,0.2392926819465737
5301,1.0476379331038776
5302,0.8179550522654757
5303,0.17367726199716482
5304,0.5205339037970251
5305,0.3481945961633995
5306,0.2884038236359058
5307,0.2610812283459611
5308,0.12199914345449397
5309,0.15550376337258093
5310,0.28736511016611876
5311,0.21038336818065015
5312,0.30866061854777116
5313,0.2834972260010031
5314,0.9273003831181186
5315,0.32645276694570957
5316,0.2489738232502444
5317,0.7746065584952393
5318,0.14430239161627417
5319,0.729540106092019
5320,0.576629290586635
5321,0.051007470055592696
5322,0.9538355325636512
5323,0.18020559893165033
5324,0.23340355255725637
5325,0.1844726081508345
5326,0.9607196289495363
5327,0.06695066727030008
5328,0.2008719340305869
5329,0.2598369420445833
5330,0.8882008103895633
5331,0.45370516792556803
5332,0.252287356449021
5333,0.6799827074758388
5334,0.18909516722123304
5335,0.5760737402019891
5336,0.8154187952253115
5337,0.18176545487446777
5338,0.0014412664420497268
5339,0.5386590057962601
5340,0.3666561550867834
5341,0.5751188144523275
5342,0.13558081660238558
5343,0.07948002390045422
5344,0.011277329826094695
5345,0.6595924638307938
5346,0.47300221150943456
5347,0.6656321138007805
5348,0.026038264023736102
5349,0.7449088520827982
5350,0.6429841475313596
5351,0.6587202039703429
5352,0.90223493887659
5353,0.5996209352737998
5354,0.18432630306582476
5355,-0.11941193265212285
5356,0.8845518709662008
5357,0.3833419914785394
5358,0.10576061904871137
5359,0.8467805012038689
5360,0.8272691455493516
5361,0.029716852459482135
5362,0.2992430537543266
5363,0.7249646575520137
5364,0.5204840243786548
5365,0.05527196454779515
5366,0.31344132473445196
5367,0.02706492689149448
5368,0.18602945546578614
5369,1.2991840485358164
5370,0.16637429324803682
5371,0.9231041850769917
5372,0.9264231458914941
5373,0.19377852684403402
5374,0.5737696482237349
5375,0.6593447913795994
5376,0.16292607915837404
5377,0.8620969004748451
5378,0.8297569307118801
5379,0.49834547192616596
5380,0.1094252123638414
5381,0.4251736788615892
5382,0.5151569453539414
5383,1.2156717052050667
5384,0.6445817170541055
5385,0.5084584205333632
5386,0.21944941575912552
5387,0.3180592131101803
5388,0.9632916439087071
5389,0.8686249020751109
5390,0.16235220762664426
5391,0.709847650881712
5392,0.09240820563966945
5393,0.3512615885856103
5394,0.5930292328437613
5395,0.15457995318173107
5396,0.8502334117346401
5397,0.05485493610900244
5398,0.5607514778652352
5399,0.9224011850601239
5400,0.15679335804036315
5401,0.8454575035012476
5402,0.7476801286966915
5403,0.4149648437799021
5404,0.8890012823741148
5405,0.13946311388771543
5406,0.2000031208646007
5407,-0.004724498662492915
5408,0.8738692684876237
5409,0.6008167999811127
5410,0.33854086506714215
5411,0.21177769861227905
5412,0.8747966546839236
5413,0.2591279424376712
5414,0.06315952550006848
5415,0.9362486062361959
5416,1.0407055032911467
5417,0.3578268711437691
5418,0.15685914251354388
5419,0.34266836688106955
5420,0.1334178436878311
5421,0.07174660830354596
5422,0.3820160224410057
5423,0.23387506505662442
5424,0.6099629775249203
5425,0.25877797640246775
5426,0.16153496220776853
5427,0.8338827015677723
5428,0.21726512762084102
5429,-0.06285364579018299
5430,0.34704858514322384
5431,0.8897838648381841
5432,0.2039182006882643
5433,0.011061933845830152
5434,0.5992234135677907
5435,0.3679155742052991
5436,0.013351210861612006
5437,0.2643369663595591
5438,0.14029401943499736
5439,0.13744043119175847
5440,0.8965553696812454
5441,0.284335596681413
5442,0.04344954184898031
5443,0.6283284177582577
5444,0.09058214061091802
5445,0.5849442404679654
5446,0.17830994204657924
5447,0.031987995064153896
5448,0.1330430919784793
5449,0.02812070199331773
5450,0.8383486472122124
5451,0.6444882988813453
5452,0.07985112902376845
5453,0.11823125895703951
5454,0.12805369285277562
5455,0.08146347195619447
5456,0.13822675567694198
5457,0.323171619615663
5458,0.5870986998528777
5459,0.20663142974172194
5460,0.023675889746230083
5461,0.5436970987238836
5462,0.870614987041781
5463,0.14925153156953264
5464,0.6077324624649569
5465,0.8700197115218296
5466,0.1030655055133804
5467,0.2773375027618057
5468,-0.07082604526893105
5469,0.5037125706471289
5470,-0.011942122898245255
5471,0.4882343077545855
5472,0.21320647696229567
5473,0.09113557346709733
5474,0.06790216777777414
5475,0.33325330927989477
5476,0.5456900475589028
5477,0.28549735398256515
5478,0.1774711818894586
5479,0.14469821134047756
5480,0.2590209314371913
5481,0.2644430000969371
5482,0.33344581662567124
5483,0.3094026052806603
5484,0.6033534927249569
5485,0.19218947406080913
5486,0.7406405054055023
5487,0.08511400743090475
5488,0.0720429775110934
5489,0.8820034060068442
5490,0.9236827195597905
5491,0.5370986711397234
5492,0.5945435096477476
5493,0.7249266019387661
5494,0.5830813970905409
5495,0.8810024723950234
5496,0.19386566136461533
5497,0.46200652870843606
5498,1.017066641540418
5499,0.24526343669066084
5500,0.07309658435524119
5501,1.21774342144503
5502,0.0006551619252153085
5503,0.8362395733140192
5504,0.2991063410135142
5505,0.2879044499764899
5506,0.6280872008089108
5507,0.2509191872639853
5508,0.47214247520821623
5509,0.28917374085079794
5510,0.4766334071155467
5511,0.7927820055488459
5512,0.5422343933933129
5513,0.5967424373613042
5514,0.9091849868489328
5515,0.8855088479979414
5516,0.2817913640023962
5517,0.8850225972632049
5518,0.12170865861904828
5519,0.1115497831657456
5520,0.12965089149259967
5521,0.5088512016038419
5522,0.11203306484482944
5523,0.11726484118617625
5524,0.3234439346149949
5525,0.8887700803373648
5526,0.859774870606689
5527,0.53619460178454
5528,0.5766890589458985
5529,0.2795523822922835
5530,0.8600041376408172
5531,0.37766792183671816
5532,0.5666161235192433
5533,0.23638144595896024
5534,0.6221512511907195
5535,0.1651689148415187
5536,0.1752315904113657
5537,0.8898552788905424
5538,0.2897331394286393
5539,0.9331677686369927
5540,0.35774433174632747
5541,0.24014358082889728
5542,0.9581408536944469
5543,0.08031435006559262
5544,0.4869581370926068
5545,0.1907411423039838
5546,0.3952323607785989
5547,0.9024276287873954
5548,0.36675696607280206
5549,-0.10382913260208876
5550,0.27876069607470255
5551,0.37028702754033516
5552,0.10584896959709472
5553,0.23476361139363575
5554,0.24924699767594158
5555,0.3679474201961686
5556,0.2007725453828379
5557,0.1777194648355795
5558,0.09507238789746125
5559,0.6385624635955088
5560,0.19308612489886035
5561,0.03391728915104769
5562,0.8308459202727418
5563,1.0387760800448176
5564,1.0035742047891238
5565,0.14051104578395968
5566,0.7598061207497583
5567,0.8320156474913751
5568,0.4271719509285763
5569,0.037705522489700105
5570,0.03951926323108501
5571,0.18594467638241824
5572,0.4459523965799996
5573,0.9248778756022376
5574,-0.05245835088405637
5575,0.91881202728825
5576,0.5064826929869888
5577,0.22034345680355003
5578,0.3088219740190351
5579,0.8434441270244339
5580,0.1736665269859542
5581,0.14996674100144913
5582,0.9241254800740133
5583,0.1755990498642061
5584,0.11447173526360321
5585,0.8409087568803413
5586,0.6142468424066208
5587,0.17556359757428402
5588,0.7961496019362201
5589,0.6177839937251371
5590,0.6817151106758251
5591,0.3710705288455734
5592,0.2573950620671334
5593,0.33651296265605984
5594,0.8579821036171797
5595,0.3024740684406331
5596,0.9350460861617427
5597,0.8658826564939028
5598,0.20051135985736027
5599,0.1964946241354922
5600,0.9558624930466817
5601,0.2794305605460794
5602,0.5483857472958555
5603,0.9270252343900376
5604,0.14868890807905677
5605,0.8694885060364854
5606,0.12440171293535507
5607,0.566343700230185
5608,0.6407059648095532
5609,0.2791570561885486
5610,0.04291893094078614
5611,0.9570289537647214
5612,0.5655168098157328
5613,0.8598454967717786
5614,0.1832779354074584
5615,0.11628406783264017
5616,0.1806964133552515
5617,0.15424002707132412
5618,0.9784831172707855
5619,0.5620240105148147
5620,0.5351438986859278
5621,0.8457956327792058
5622,0.6545092921539628
5623,0.22312947638700872
5624,0.8577650117051641
5625,0.35693628650495324
5626,0.8841234862135392
5627,0.8783442315961298
5628,0.7595503346139814
5629,0.8004577138479068
5630,0.7859590471290947
5631,0.17460670050427302
5632,0.3458750411109919
5633,0.09667303230729801
5634,0.27541942731616237
5635,0.5602655951665227
5636,0.935721102500789
5637,0.49398082442863767
5638,0.8280454644244604
5639,0.6321502733891085
5640,0.11057222574623116
5641,0.6468103852689752
5642,0.874717837245682
5643,0.8880304456933166
5644,0.42576836727237327
5645,0.37749363346536835
5646,0.3109261498782864
5647,0.7725888720154137
5648,0.558054837988361
5649,0.23539530399694397
5650,0.6486920487090236
5651,0.22506153866553255
5652,0.17167752252949448
5653,0.9296752722569176
5654,0.2677675656089694
5655,0.1055953178380169
5656,0.018433220204918555
5657,0.9089887682132605
5658,0.6063194108863257
5659,0.39421756943613173
5660,0.026197827209913482
5661,0.5495012524735553
5662,0.12078769262335981
5663,0.21812437189621772
5664,0.5179239497911324
5665,0.08458277283518906
5666,0.05904169829750766
5667,0.8831895757770987
5668,0.8975599253832556
5669,0.32634988663825604
5670,0.4887793732487979
5671,0.10247389918306765
5672,0.6139467552536869
5673,0.9158653041180732
5674,0.20678902236379454
5675,0.9531919110228995
5676,0.6558023021402088
5677,0.09981814904098546
5678,0.9944469657593751
5679,0.27588559053548967
5680,0.11551027822234655
5681,0.6015686654346469
5682,0.10527090398216798
5683,0.17122786396745
5684,0.17427033056085894
5685,0.11875115403672698
5686,0.06272789998379297
5687,0.3265346308032627
5688,0.6739167482169482
5689,0.03388511388023602
5690,0.20631435310467408
5691,0.3968795085290795
5692,0.3516030977635447
5693,0.6142289300980617
5694,0.5178444691813333
5695,0.18939705015561853
5696,0.6225185352553825
5697,0.05637010926741448
5698,0.8506482995110562
5699,0.3605628297451126
5700,0.24680067062387365
5701,0.43651379849831684
5702,0.8315258523556769
5703,0.28232200755203635
5704,0.17940786026424016
5705,0.20415582656589568
5706,1.0801806625613581
5707,0.8674229483655918
5708,0.400945891039865
5709,1.2588522177453392
5710,0.40817727759533223
5711,-0.06673631095233973
5712,0.2530016263896094
5713,0.9015397495983883
5714,0.18550269800904795
5715,0.33041806961686826
5716,0.148277023790803
5717,0.8964349812192776
5718,1.0553396789270617
5719,0.6496562864982283
5720,0.2058665044383427
5721,0.455943765847006
5722,1.020581658359548
5723,0.6493212176187598
5724,0.9681159611412138
5725,0.630579823290242
5726,0.36479221641223136
5727,0.1504672160042433
5728,0.9145087795281126
5729,0.27429078982553157
5730,0.2703155513279396
5731,0.8883994506123698
5732,0.05273008668151524
5733,0.9218250086339188
5734,0.3106608918949949
5735,0.5478589523423084
5736,1.421894120697713
5737,0.08196431645893754
5738,0.24171497885158502
5739,0.8402824522077377
5740,0.722202525528044
5741,0.5238665098189426
5742,0.21094620586363494
5743,0.8302776695871783
5744,0.7579341468674993
5745,0.6199978768249665
5746,0.7772786599819517
5747,0.8963498315755926
5748,0.11366295167924734
5749,-0.026919317632611295
5750,0.488079677731896
5751,0.36360051666922705
5752,0.5708063159750425
5753,0.38701425988365956
5754,0.4179636762526479
5755,0.31984486394498224
5756,0.18428848544830462
5757,0.8736088546053757
5758,0.725187907240577
5759,0.2928101273950917
5760,0.809082049202613
5761,0.3801555353368609
5762,0.13574368299399386
5763,0.361824395432789
5764,0.913855424041687
5765,0.3775326150835108
5766,0.12268336252978468
5767,0.0798541995958798
5768,0.1687447809326949
5769,-0.0437860223643029
5770,0.18664783160471238
5771,0.16919309619271328
5772,0.623345097666083
5773,0.05477835328173741
5774,0.1547351886279007
5775,0.8842017969142141
5776,0.11560102336953654
5777,0.4596070043294023
5778,0.6469974562484831
5779,0.7549830210480005
5780,-0.05385091030095046
5781,0.043269362515074294
5782,0.18291697562186693
5783,-0.061512609019308884
5784,0.36057958411620583
5785,0.3689103106407265
5786,0.7945342366624828
5787,0.06604298606032333
5788,0.1837064708937436
5789,0.28103646419790834
5790,0.7772210456316602
5791,0.06946487366230186
5792,0.23399164704965936
5793,0.2799609328277483
5794,0.6427543597869154
5795,0.17985427641357143
5796,0.42651816141481036
5797,0.3144303220069792
5798,0.9298110344937982
5799,0.13696517628679716
5800,0.3554116250739996
5801,0.2583188324305953
5802,0.2080685054578458
5803,0.0711841103074265
5804,1.0565694156183103
5805,0.9245660086399888
5806,-0.0033584853476893994
5807,0.9611530065333198
5808,0.38025576718330273
5809,0.7804933483875596
5810,0.8815561399318408
5811,0.31928702137169485
5812,0.22357437686302495
5813,0.8193030258390903
5814,0.9618578551209158
5815,0.2442154089737881
5816,0.25790243237729926
5817,0.8900489436645864
5818,0.24499135879895165
5819,0.16547222120783517
5820,0.3721621428107192
5821,0.8307130946685304
5822,0.5323066633748619
5823,0.1397827126281065
5824,0.962582656780766
5825,0.15913893686877512
5826,0.7222879901992794
5827,0.8354019703243158
5828,1.0012646203208706
5829,0.5489447263375946
5830,0.07781200882188705
5831,-0.021723971506696027
5832,0.9855497144845766
5833,0.34221168663793455
5834,1.0561484827364993
5835,0.17173551062997272
5836,0.34149396219077643
5837,0.8686985288511562
5838,0.9031920020145012
5839,0.33897429966596954
5840,0.11491461636680861
5841,0.23442309274862777
5842,0.8301114870954907
5843,0.14212119548620394
5844,0.7002695013214056
5845,0.8670300443813412
5846,-0.033346869589096106
5847,-0.09715409575190775
5848,0.1642441051449237
5849,0.26413514295179225
5850,0.11443221611716825
5851,0.8454332097831796
5852,0.11579622832958592
5853,0.2973511555023328
5854,0.2650915254757607
5855,0.3460010429812692
5856,0.6492565925080286
5857,0.40048223486059686
5858,0.6874816914894809
5859,0.45256429348143884
5860,0.9547592275119245
5861,0.05650308489499123
5862,0.07463404777308258
5863,0.8713865093694692
5864,-0.0710719880833191
5865,0.8681966034467561
5866,0.6753658257411128
5867,0.8580881283852797
5868,0.8595932641486836
5869,0.6844012927751792
5870,-0.015002285349297984
5871,0.8693343814374082
5872,0.10680856687128726
5873,-0.08699405702535995
5874,0.9666044081776577
5875,0.14459880931771246
5876,0.16257843053327126
5877,0.8820555492499229
5878,0.12917189706885351
5879,0.21798027262482766
5880,0.5415064580262471
5881,0.9149702644831874
5882,0.9575934952811864
5883,0.13366862585474093
5884,0.8607173721283939
5885,0.5289990695726343
5886,0.15176410746507063
5887,0.0642984881777191
5888,0.8850395800413509
5889,0.17821379578024754
5890,0.46255878116980786
5891,0.16076213496321579
5892,0.23477413754861845
5893,0.38683481952754684
5894,0.90073444437366
5895,0.6101990010755822
5896,0.43188903518591537
5897,0.9006413776781259
5898,0.4977960192654937
5899,0.8563196697622305
5900,0.08555248743199972
5901,0.6710067625703583
5902,0.20517074976597321
5903,0.14710810424185888
5904,0.7848164719777247
5905,0.9061371686820621
5906,0.878494542656979
5907,0.3512334906886611
5908,0.18649435156453809
5909,0.8940785690558741
5910,0.3430362095678649
5911,0.16273757329091348
5912,0.25145453430462184
5913,0.06289874124205547
5914,0.8796402008747302
5915,0.595075732595466
5916,0.906563231030326
5917,0.0825079935021783
5918,0.019136206447780024
5919,0.0797948990914577
5920,0.17035021337933343
5921,0.6202630000537263
5922,0.34131352135520804
5923,0.2935215094755635
5924,0.5682696179382339
5925,0.22668996242284956
5926,0.6220106806640426
5927,0.5533036209353355
5928,0.6680617587981925
5929,0.11439099487610599
5930,0.12671209116431403
5931,0.38088796459211244
5932,0.9163867555004932
5933,0.23890803174861508
5934,0.15673334267559486
5935,-0.08474940658676916
5936,0.9985185499263647
5937,0.46756086816806586
5938,0.8786657830495038
5939,-0.022067821304954882
5940,0.36528126984821285
5941,0.6490368726801736
5942,0.3279872299640059
5943,0.8953819204681954
5944,0.1563093522289511
5945,0.18607414565478841
5946,0.6739209515417954
5947,0.5939790301073538
5948,0.2985897287677079
5949,0.4417397581770813
5950,0.8898778815883293
5951,0.10133200827360023
5952,0.8289858764453125
5953,0.30757941202650907
5954,0.23201022946891117
5955,0.9392593212472307
5956,0.8904114456166745
5957,0.8774642927105448
5958,0.8872776814889831
5959,0.2230127639684555
5960,0.3377352466321235
5961,0.33518680275661655
5962,0.404463794210728
5963,0.8947665377664925
5964,0.3969682644411716
5965,0.3302716315111146
5966,0.21849424432174513
5967,0.8633411871022116
5968,0.07478507274708768
5969,0.16572699409147662
5970,0.8283902991775267
5971,0.22173817248158226
5972,0.8444039630368769
5973,0.3292013287081901
5974,0.2227546044144325
5975,0.8565072809883023
5976,0.9009024986770633
5977,0.9389541719428649
5978,0.7947526525978361
5979,0.9173628158954565
5980,0.55967805082149
5981,0.16114065755471224
5982,0.5330382411490863
5983,0.43705442702171715
5984,0.36714545502171675
5985,0.9359932711563713
5986,0.8889280608771986
5987,0.71156703301354
5988,0.814925890459687
5989,0.3357957188145775
5990,0.5837919941936045
5991,-0.042842766169759294
5992,0.8652071106014817
5993,0.11450426554267357
5994,0.8863004378304081
5995,0.313425864592613
5996,-0.009139314522433495
5997,0.21103268758286797
5998,0.27406536643530754
5999,-0.06442152106401394
6000,0.22119231814020657
6001,0.8943986934406729
6002,0.3220984976805045
6003,0.19108480629574812
6004,0.3424279448373408
6005,-0.11932470060273065
6006,0.5684076389296223
6007,0.1161421938354591
6008,0.8213995089535828
6009,0.2284238822330715
6010,0.08232309769311602
6011,0.6421345030004191
6012,0.590451299997863
6013,0.7167389506199451
6014,0.17587853474802634
6015,0.980342641900511
6016,-0.04557177753220043
6017,0.9434584874007765
6018,-0.032836336421594
6019,-0.03237851383658885
6020,0.1597090371245472
6021,0.5934582257974966
6022,0.6409422975576275
6023,0.7867444896724378
6024,0.8580066037140714
6025,0.9178098763384328
6026,0.7261234640158096
6027,0.839569433045812
6028,0.9999703979755294
6029,0.08444757440997697
6030,0.8327816209211469
6031,0.6252070867929249
6032,0.22410979683786184
6033,0.12268738805791962
6034,0.35533376503844705
6035,0.5123722628698856
6036,-0.036691151121402366
6037,0.9281387174668867
6038,0.5610649883570928
6039,0.31962319985799903
6040,0.2007723117990104
6041,0.21470394809898655
6042,-0.03876432582937739
6043,1.0112253716500286
6044,0.5779282497595405
6045,0.5283305507024242
6046,1.0131782028245073
6047,0.5431472172438792
6048,0.5543415690522934
6049,0.9198538390760993
6050,0.44820623928341835
6051,0.888375327060334
6052,0.08430670282662595
6053,0.22431083274007724
6054,0.01946758588917996
6055,0.05599264713467411
6056,1.089700590761807
6057,0.8942950891926866
6058,0.6410531338739796
6059,0.8123814770544662
6060,0.2399463915360197
6061,0.2659305249069813
6062,0.532341134953623
6063,0.3083232201656363
6064,-0.04313427495655103
6065,0.0005428341030173089
6066,0.05232311184794919
6067,-0.04918199297728171
6068,0.38684120862463894
6069,0.9028160479317514
6070,0.6332272249635784
6071,0.818405760744779
6072,0.9324399649722338
6073,0.3185966109585108
6074,0.11316461994187976
6075,0.6532913637083936
6076,0.30648983620247366
6077,0.1502078599902209
6078,0.009788020775764017
6079,0.9007814579390241
6080,0.18461269871654984
6081,0.07685325788789776
6082,0.4081630325404544
6083,0.9837107389625328
6084,0.5598720584284154
6085,0.8887301232231568
6086,0.3008178428987381
6087,0.31824120658644706
6088,0.1716035541626481
6089,0.11257793040185327
6090,-0.04187747196697095
6091,0.11290887961979634
6092,0.799300333486523
6093,0.6162253125593633
6094,0.14294261431648603
6095,0.7479053748199855
6096,0.8394553861951521
6097,0.5597513814633948
6098,0.026093980808142625
6099,0.26932601674425305
6100,0.17485682280595494
6101,0.1810183842261286
6102,0.15627654043613592
6103,0.6355215852652304
6104,0.08684360930766893
6105,0.11539038426606774
6106,0.8884456952851847
6107,0.8702194204544993
6108,0.23249593663082038
6109,0.1695839320451979
6110,0.09020882714609868
6111,0.9547517199267204
6112,0.544839678741994
6113,0.42266958078552364
6114,0.16448309323825633
6115,0.9187961639832729
6116,0.2179283082606455
6117,0.24370340907976343
6118,0.5783543847313413
6119,0.20401759472296313
6120,0.8303012550037798
6121,0.2556964790750579
6122,0.946724354319399
6123,-0.02135706636433865
6124,0.852623541919289
6125,0.607400852505919
6126,0.021592887299031527
6127,0.9104998379251528
6128,0.2319278538160574
6129,0.9320961205793493
6130,0.9092924021285365
6131,0.18832428478081542
6132,0.13959804167131296
6133,-0.11255587176489062
6134,0.2685712578686255
6135,0.7545992607022685
6136,-0.04997698109802989
6137,0.03250261328293308
6138,0.5899053935387863
6139,0.8265462858722589
6140,0.3395158752312477
6141,0.26495822040954553
6142,0.39029843048381374
6143,0.8711484512124776
6144,0.38357288239909915
6145,0.9239638126037002
6146,0.17138680958209096
6147,0.8503122525796978
6148,0.1305343693208959
6149,0.35830462475240116
6150,0.8518293512261166
6151,-0.0009032037677539906
6152,0.515856746095683
6153,0.9760082713984874
6154,0.1810134762325814
6155,0.9162674372116435
6156,0.19900537794517031
6157,0.2854625389452564
6158,0.3843617365639609
6159,0.22430180387178394
6160,0.3456845255032628
6161,0.35377272499517715
6162,0.17802032520100902
6163,0.20706063061275654
6164,0.05956607029884259
6165,0.8565822045483926
6166,1.0513268628500012
6167,0.9682516570035515
6168,-0.07792556959583591
6169,0.420573748781753
6170,0.8887727362381463
6171,0.3361841509091805
6172,0.16644281311766845
6173,0.6378380145939363
6174,0.551720967179664
6175,0.5289157664385896
6176,0.8297299323012837
6177,0.0985008913314574
6178,0.08145579125531999
6179,0.31178038690792154
6180,0.10531809604128256
6181,0.6850520712265952
6182,0.805003605656635
6183,-0.007153152176842537
6184,0.22588842301615977
6185,0.322029521727133
6186,0.1363370901646067
6187,0.3024952738478186
6188,0.9933556919419304
6189,0.873030278898246
6190,0.15742038838445305
6191,0.43269334965702827
6192,0.24275237508376524
6193,0.12583644681431017
6194,-0.05156241699773312
6195,0.06289265194108179
6196,0.14810047643001795
6197,0.9495615168115432
6198,0.22632995516311477
6199,0.396848329544504
6200,0.7974711914269486
6201,0.0893636879345982
6202,0.4713527828573526
6203,0.6419062543772942
6204,0.7870246826861685
6205,0.323611908601163
6206,0.9018640329798753
6207,0.8595119853780513
6208,0.05930140040242321
6209,0.537282019281959
6210,0.39156433980061617
6211,0.23257205824989957
6212,0.053176488584396
6213,0.22088735613439242
6214,0.15908410044460153
6215,0.8937771489185168
6216,0.8332173648200336
6217,0.23609440145580576
6218,1.012384462482242
6219,0.2558937577928493
6220,0.9130895808767634
6221,0.8525808048659484
6222,0.22576056998936683
6223,0.9104134434650132
6224,-0.017423381928867887
6225,0.765608057062859
6226,0.18307521842896846
6227,0.3131842860224044
6228,0.043285102575309264
6229,0.30831477610964275
6230,0.19446170873569643
6231,0.04836490241278146
6232,-0.013311348618005259
6233,0.007752314181340925
6234,0.00978010093875975
6235,0.12203242059190994
6236,0.4125221375141565
6237,0.287775845919554
6238,0.604403420209469
6239,0.979731987088065
6240,-0.005205813849439356
6241,1.00299361299692
6242,0.9038143649308348
6243,0.8735120218968092
6244,0.21137142479472334
6245,0.1958865835577289
6246,0.920789159164224
6247,0.9621339268194851
6248,0.918342720646451
6249,0.12983983204029037
6250,0.0704629682446522
6251,0.30872389788294363
6252,0.17303542255738907
6253,0.2778568492648096
6254,0.09643263316219153
6255,0.9105137039363731
6256,0.24616074668218837
6257,0.10075145966881438
6258,0.6142209997719105
6259,0.5732324256869639
6260,0.34608197178364974
6261,0.17089535439494635
6262,0.26866440665403646
6263,0.44154455495366374
6264,0.9815334743351096
6265,-0.03081605888408423
6266,0.48407593117421516
6267,0.28703487126854493
6268,0.31523269328049486
6269,0.8695483758231377
6270,0.008153138022097162
6271,0.8921841493933138
6272,0.25183348401616196
6273,0.3720166218874484
6274,0.18094030858201826
6275,0.17380239733702757
6276,0.11368667640542662
6277,0.13270194700360127
6278,0.4407379592560761
6279,0.21617775592952873
6280,0.18898747967243107
6281,0.465418243422211
6282,0.3215543451480599
6283,0.033188137298504505
6284,0.06187305270283805
6285,0.25332719272111726
6286,0.296048775280095
6287,0.7972644213238788
6288,0.58925546147171
6289,0.20899549361000228
6290,-0.06315759275622207
6291,0.23620220614306986
6292,0.9218040111387469
6293,0.6088118980858563
6294,0.29968544534707664
6295,0.21978187718571063
6296,0.3659188836717481
6297,0.805860539525369
6298,0.6135764848751928
6299,0.9002806698609185
6300,-0.02251957578395397
6301,0.15729865917901753
6302,0.33123211205997705
6303,0.6188348236170359
6304,0.14175290843257515
6305,0.8903443472243144
6306,-0.03460343405353028
6307,0.3871520410044111
6308,0.8932979727300157
6309,0.15450173230172037
6310,0.09106670863825644
6311,0.8119822678298922
6312,0.2603292039464437
6313,0.8282380978598062
6314,0.8526057903152684
6315,0.35322828890154867
6316,0.17320358191256396
6317,0.17730514027620364
6318,0.981246962908807
6319,0.9158925650059399
6320,0.2240873473186491
6321,0.015042716222562758
6322,0.6699554786641634
6323,0.9147736139468787
6324,0.6438887350029794
6325,0.29563114190010387
6326,0.1444585076839663
6327,0.6146062832749175
6328,0.36025440765206557
6329,0.4953088810213326
6330,0.4220101235124208
6331,0.5317080420262685
6332,0.04702502182586743
6333,0.014363899427237037
6334,0.8561574574208317
6335,0.9729090642664344
6336,-0.010891915553126574
6337,0.8637210115272558
6338,0.32208309020541237
6339,0.39694866724578043
6340,0.2580080571651141
6341,0.20907825203241784
6342,0.6805963705856524
6343,0.8719371238693017
6344,0.2190514853137356
6345,0.8565336230225964
6346,0.20497957414259105
6347,0.12753304760090478
6348,0.3732395243938587
6349,0.8297916119991194
6350,0.22678476541626655
6351,0.08520955620563914
6352,0.1225079626263933
6353,0.8592537156988553
6354,0.6663625057554127
6355,0.5357610131916237
6356,0.32423510194381705
6357,0.3617999393291784
6358,0.6150347769676022
6359,0.049102774107147584
6360,0.1450311965908404
6361,0.7755043012269248
6362,0.3300970757803089
6363,0.9723395520202542
6364,0.6797503943397986
6365,-0.11567089282388293
6366,0.19158970102422285
6367,0.5276410536641576
6368,0.17331157178087525
6369,0.9497660089349116
6370,0.20505453663336318
6371,0.10801563686976379
6372,0.6966704630302769
6373,0.6718520280547331
6374,0.25403600726931813
6375,0.46989383690107334
6376,1.0184279179080853
6377,1.0468335376216742
6378,0.8982529562015977
6379,0.7660383288394812
6380,0.006809495923327191
6381,0.5686703385634633
6382,0.1394740904226704
6383,0.8670325467466602
6384,0.8368352776226838
6385,1.016156339368993
6386,0.0006524732861908911
6387,0.10764696864427609
6388,0.3134143022879759
6389,0.2929436963621749
6390,0.8575937273336616
6391,0.6372635855239259
6392,0.33479013345236813
6393,0.02244596947761357
6394,0.2845297838507713
6395,-0.03317131403990109
6396,0.12035839085151945
6397,0.1703552671971325
6398,0.1817640383924961
6399,-0.04623316264413474
6400,0.017544196059675776
6401,0.9033186484034373
6402,0.35909714026503825
6403,0.794687459499098
6404,0.16413558480859486
6405,0.3755246575412228
6406,0.6094842206311315
6407,0.40295460424338153
6408,0.09026793816765344
6409,0.0706147438189717
6410,0.7153070760617113
6411,0.13511943796121118
6412,0.18204387529423788
6413,1.0522693918779034
6414,0.873172271515536
6415,0.006583138434489322
6416,0.8908580448814907
6417,0.8276016883594475
6418,0.9402686628686034
6419,0.21808780025900495
6420,0.8348876020951908
6421,0.8360186790686313
6422,0.14704911683877486
6423,0.027799113254958152
6424,0.0732934600606765
6425,0.8819105843118917
6426,0.672910863407022
6427,0.5487360195035667
6428,-0.07406460518302455
6429,0.11009708623204506
6430,0.351443785695911
6431,0.0891038386509238
6432,0.22935992545616454
6433,0.5849091873457047
6434,0.5330919382566105
6435,0.3909182678592158
6436,0.09167772035161803
6437,0.15464445536360638
6438,0.1237741107319657
6439,0.384822246644402
6440,0.6436559842526766
6441,0.4773020003276298
6442,0.6390344801931072
6443,0.34904204957852647
6444,0.16711985964898074
6445,0.8773864970990604
6446,0.38248939424897954
6447,0.5556059329677525
6448,0.3113712316539851
6449,1.0776410313465872
6450,0.15975060556595322
6451,0.07663683900824558
6452,0.21964113949277622
6453,0.15031971125441573
6454,0.8502794760075703
6455,0.370022120727389
6456,0.15179262699464774
6457,0.4797511074894701
6458,0.8747905563203717
6459,0.8720064437625168
6460,0.5937694956643035
6461,0.5266921768984325
6462,0.36918526671594437
6463,0.4889306992972089
6464,0.14283001896347297
6465,0.2132189627116259
6466,0.0764396912440839
6467,0.45944156072413167
6468,0.24352399152110776
6469,0.13616836152204842
6470,0.2333536535449795
6471,0.12246720185216337
6472,-0.046786094874511686
6473,0.935501534226067
6474,0.10216331119871924
6475,0.15394003818129015
6476,0.9069526808227205
6477,-0.02163554808456747
6478,0.18118613711955828
6479,0.35634719232228235
6480,0.7880815126214145
6481,0.9125083482031142
6482,0.8808177769887817
6483,-0.1790883863053095
6484,0.5510338102534351
6485,-0.10204612778095162
6486,0.07455928479222457
6487,0.11888137125192216
6488,0.3303018845569157
6489,0.9096099269341568
6490,0.6068610155789039
6491,0.22419721879620325
6492,-0.05153006192589521
6493,0.15874772473429094
6494,0.8978745599376556
6495,0.1358093074402537
6496,0.3820294338359796
6497,0.5473925802201985
6498,0.9314806517538191
6499,0.6180596867742917
6500,0.8490284777251245
6501,0.26898866928197696
6502,0.5786066804802774
6503,0.6801168455102662
6504,0.9105216376835858
6505,0.8702303347817486
6506,0.9274511884825356
6507,0.7029489280614889
6508,0.395063849416005
6509,0.6069653283442031
6510,0.34556272504274255
6511,0.8574170431609252
6512,0.5239404507103368
6513,0.36933344813305563
6514,0.274574525805945
6515,0.4020685354415568
6516,0.538337939310229
6517,0.06722585087312133
6518,0.36238647173389116
6519,0.30483975362466587
6520,0.38811388604608144
6521,0.08925908561745782
6522,0.9205352407814336
6523,0.11648081706431218
6524,-0.04607531418050481
6525,0.18657468450758996
6526,0.0889647678807946
6527,1.027112786838605
6528,0.1946481507093144
6529,0.963549792405122
6530,0.046541084062692306
6531,0.27627811837832295
6532,0.41722043751409876
6533,0.44772071654324824
6534,0.1673939552045174
6535,0.156972177563856
6536,0.45558893249399374
6537,0.900386238178412
6538,0.15547068832947974
6539,0.6560053853488018
6540,0.6628825145352446
6541,0.9239575595188587
6542,-0.039525790978439834
6543,0.0439076918014753
6544,0.019345959672268265
6545,0.5534394635730382
6546,0.22594445847219066
6547,0.8118993753509688
6548,0.9990652671266325
6549,0.8238429545821453
6550,0.8045631414085826
6551,0.8847410094870274
6552,0.31005110792304924
6553,0.42162705911292037
6554,0.04400101446472787
6555,0.9072116506510896
6556,0.8650939804489282
6557,0.5701380985650114
6558,0.37700752595444725
6559,0.38236539711549106
6560,0.2861627208345947
6561,0.3240830703522252
6562,0.8261343538328112
6563,0.9390508347338566
6564,0.07276930480338972
6565,0.44565975009519765
6566,0.6298809641704138
6567,0.929953622291895
6568,0.9103609672521198
6569,0.3677066573643523
6570,0.42978215898633104
6571,0.6185178991051269
6572,0.733989079850519
6573,0.5728687624570805
6574,-0.07039097218063223
6575,0.620439480980842
6576,0.9305307106203997
6577,0.9210982091396924
6578,0.34210225713499
6579,0.27839370919588596
6580,0.8146001939034972
6581,0.5613361629122863
6582,0.3350060225617423
6583,0.049886465568908245
6584,0.86766310113869
6585,0.18889043456947407
6586,0.08269688739586445
6587,0.9362334542013111
6588,0.2992156850453316
6589,0.681800012246517
6590,0.08613668231437371
6591,0.6645317821773253
6592,0.14455192113493825
6593,0.6377959790646573
6594,0.18965940157972894
6595,-0.05192185199641486
6596,0.2648026745000782
6597,0.36306491215018016
6598,0.3350921357656166
6599,0.24715059962042915
6600,0.9082760430048489
6601,0.33651288894114645
6602,0.9079097849537248
6603,0.583685203583631
6604,0.08922608663443121
6605,0.4667353400618115
6606,0.8876598310247581
6607,0.9150130070983004
6608,0.8239645915373365
6609,0.32480458704594856
6610,0.8300875602971555
6611,-0.05693062828828982
6612,0.4751024510728258
6613,0.25272623459507504
6614,0.34470509619943296
6615,0.3893946305402009
6616,0.32629529734631235
6617,0.14385565964895575
6618,0.9160379878519977
6619,0.249535844731419
6620,0.6849300501186185
6621,0.05791715132619346
6622,0.3083490559095575
6623,0.900394071802604
6624,1.0766719535868612
6625,0.17554440295413382
6626,1.104326810967312
6627,0.5743441934553378
6628,0.9030815364265605
6629,0.10781778345028464
6630,0.06644130167944556
6631,0.24612937342622332
6632,0.0713934598911729
6633,0.21501065276444023
6634,0.17617919731316267
6635,0.06541659745764744
6636,0.5888709274751205
6637,0.8901054516656435
6638,0.40297851901411447
6639,-0.09757776248929068
6640,0.17913440399161035
6641,0.7376178073089824
6642,0.6788564744732882
6643,0.2140543786462595
6644,0.09177871618157113
6645,0.17535443477394025
6646,0.04328694576002118
6647,0.9337974296844239
6648,0.7859402127094424
6649,0.22334825961518165
6650,0.2307822423690855
6651,0.2610714909711889
6652,0.43701491314987756
6653,0.09140306379994789
6654,0.11834647567759976
6655,0.1513050777133565
6656,0.8800126428626758
6657,0.8078088068143259
6658,0.9147350897703838
6659,0.33166547624529397
6660,0.6133935563146544
6661,0.39930264120537434
6662,0.16787909136646278
6663,0.5789106758993781
6664,0.9059130267536397
6665,0.3964049611503542
6666,1.2009799773934158
6667,0.1851852751551672
6668,0.7537073118170523
6669,0.9009559783478989
6670,0.08760501816337563
6671,0.005868418558111599
6672,0.11710431850423975
6673,0.5968757956535571
6674,0.0032600768094666055
6675,0.889857369519414
6676,0.8607559703887453
6677,0.442844109013704
6678,0.00829242842433292
6679,-0.031084923115195395
6680,0.3341869713831753
6681,0.6145992563510612
6682,0.10530798334758712
6683,1.181672399220646
6684,0.5530602804295524
6685,0.8740821967595365
6686,0.8344943791714914
6687,0.26259364632429555
6688,0.840580535390952
6689,0.21904375820691008
6690,0.08252940947704751
6691,0.8465557466678146
6692,0.34656030297204066
6693,0.4176754066046652
6694,0.9044883083735922
6695,0.8235436208219027
6696,0.9761433122718652
6697,0.20992781772752003
6698,0.38355474230461145
6699,0.11824684368673849
6700,0.6673635131878941
6701,0.1846983337825714
6702,0.768809063596738
6703,0.3360582238059237
6704,0.034561450714029995
6705,0.6115004866598732
6706,0.2116726592494284
6707,0.8110241559667106
